id,file,label,source,split,group_id,approved,review_status,width,height,sha256,original_name,background,lighting,subject_scale,viewpoint,morphology,surface_moisture,focus_condition,suggested_label,model_prediction,model_confidence,needs_review,notes
own_001,images/own_001_segar.png,segar,own,train,own:a_meja_kayu,True,approved,1254,1254,0175461038d1f53ed8240ce5bf30e70fba31d86ba08590875e69e997fd551f9c,TOM001_segar.png,,,,,,,,,,,,
own_002,images/own_002_segar.png,segar,own,train,own:a_meja_kayu,True,approved,1254,1254,9a65595e168f24208847889a008c4acd313633e40f0af2846d5f66ad46c75c0d,TOM002_segar.png,,,,,,,,,,,,
own_003,images/own_003_segar.png,segar,own,train,own:a_meja_kayu,True,approved,1254,1254,09eaf593538b8d0dc673588d23dfce508f879dc484b9662133f1fca4f605f3d7,TOM003_segar.png,,,,,,,,,,,,
own_004,images/own_004_segar.png,segar,own,train,own:a_meja_kayu,True,approved,1254,1254,6f200fab1c89de6c81ab6bbb508ae90a7a8e6d4f59cc335de9e1b1d4ca6fb2d0,TOM004_segar.png,,,,,,,,,,,,
own_005,images/own_005_segar.png,segar,own,train,own:a_meja_kayu,True,approved,1254,1254,3c92176ec3feb34f299ff41e1b4e6748933ec04e250487c0b77d39cf5836f857,TOM005_segar.png,,,,,,,,,,,,
own_006,images/own_006_segar.png,segar,own,train,own:a_meja_kayu,True,approved,1254,1254,fa29e12790489d657b0b585397ca9465bd7792c30b3d9fb206b5269f66a693cf,TOM006_segar.png,,,,,,,,,,,,
own_007,images/own_007_segar.png,segar,own,train,own:a_meja_kayu,True,approved,1254,1254,0a2731f1ec0401b618aa30cc9ef6673506e80268c0ba79f95b408567a7199ab3,TOM007_segar.png,,,,,,,,,,,,
own_008,images/own_008_segar.png,segar,own,train,own:a_meja_kayu,True,approved,1254,1254,98fbe5ef0c07afccc2ff9b8c7fb79151cc02ee842042bd824038a7dce5d49847,TOM008_segar.png,,,,,,,,,,,,
own_009,images/own_009_segar.png,segar,own,train,own:a_meja_kayu,True,approved,1254,1254,012153e778e8533bce9cf7bc5006e3853058e8735ee9092918d120b6caa6a1f6,TOM009_segar.png,,,,,,,,,,,,
own_010,images/own_010_segar.png,segar,own,train,own:a_meja_kayu,True,approved,1254,1254,833b5ae1c7894ee4f6056333ab975b473cd2f10ff7f3a741fb1d2943f3f7c2a5,TOM010_segar.png,,,,,,,,,,,,
own_011,images/own_011_tidak_segar.png,tidak_segar,own,train,own:a_meja_kayu,True,approved,1254,1254,a3e521e15d321ed9bccde00ca7c2f8efda5937c5da63f70bec74efdcbe6aa5e9,TOM011_tidak_segar.png,,,,,,,,,,,,
own_012,images/own_012_tidak_segar.png,tidak_segar,own,train,own:a_meja_kayu,True,approved,1254,1254,2476be45f7c5b4c540b7a72cef71fb6a9525d6542f49f53017243337f5868951,TOM012_tidak_segar.png,,,,,,,,,,,,
own_013,images/own_013_tidak_segar.png,tidak_segar,own,train,own:a_meja_kayu,True,approved,1254,1254,b1d29e9edf100cda8bc286a39728eb3b343b8af093092641accdea7ca34ea1ce,TOM013_tidak_segar.png,,,,,,,,,,,,
own_014,images/own_014_tidak_segar.png,tidak_segar,own,train,own:a_meja_kayu,True,approved,1254,1254,f9b617edeeb3561641ba12cfeeaccb8ad0378f050652320b2f1e367d6d1bdac8,TOM014_tidak_segar.png,,,,,,,,,,,,
own_015,images/own_015_tidak_segar.png,tidak_segar,own,train,own:a_meja_kayu,True,approved,1254,1254,3593c94a1031dce0a5eca3c521a5c5d87733271c8313da6c30a2676aa7f2445b,TOM015_tidak_segar.png,,,,,,,,,,,,
own_016,images/own_016_tidak_segar.png,tidak_segar,own,train,own:a_meja_kayu,True,approved,1254,1254,ac4e95fb62dca58462e6c79b5060cfac1f972e3d4654807fba58c12a15bfca2f,TOM016_tidak_segar.png,,,,,,,,,,,,
own_017,images/own_017_tidak_segar.png,tidak_segar,own,train,own:a_meja_kayu,True,approved,1254,1254,28e043dc871ae274b7888abf2ac0700faf8bb8530e470ab27b5bc9a5e13a71ae,TOM017_tidak_segar.png,,,,,,,,,,,,
own_018,images/own_018_tidak_segar.png,tidak_segar,own,train,own:a_meja_kayu,True,approved,1254,1254,5d1ce2a7bdd52eca812fd33700f62349ded16b65054fb526c2087bdc782c8b50,TOM018_tidak_segar.png,,,,,,,,,,,,
own_019,images/own_019_tidak_segar.png,tidak_segar,own,train,own:a_meja_kayu,True,approved,1254,1254,c91347e48b080723a0f94fb562eaca16aa78f69ca3f749daa5ad73e3d0ab0281,TOM019_tidak_segar.png,,,,,,,,,,,,
own_020,images/own_020_tidak_segar.png,tidak_segar,own,train,own:a_meja_kayu,True,approved,1254,1254,5fa0eebaf913ebf7e9047057c8f9e678b2f90554fb8079dd5ed5c32248a96277,TOM020_tidak_segar.png,,,,,,,,,,,,
own_021,images/own_021_busuk.png,busuk,own,train,own:a_meja_kayu,True,approved,1254,1254,aad85e2995318363aa7da64bb7e059fb17644891a411c9ea44e2315520b85162,TOM021_busuk.png,,,,,,,,,,,,
own_022,images/own_022_busuk.png,busuk,own,train,own:a_meja_kayu,True,approved,1254,1254,79717fc1f51edb69478c45d653244d62d66854aa47993d768764fae3c30b51e5,TOM022_busuk.png,,,,,,,,,,,,
own_023,images/own_023_busuk.png,busuk,own,train,own:a_meja_kayu,True,approved,1254,1254,2d6661151b55d71ceef4e415d150f40c8bdf74b6d87aee12e88cc99e91628bca,TOM023_busuk.png,,,,,,,,,,,,
own_024,images/own_024_busuk.png,busuk,own,train,own:a_meja_kayu,True,approved,1254,1254,d8e59885cc81e44796d96b1bd4dcb4597b6cf24e964bc01f8f9c614abd77bea9,TOM024_busuk.png,,,,,,,,,,,,
own_025,images/own_025_busuk.png,busuk,own,train,own:a_meja_kayu,True,approved,1254,1254,169c089c5dd60808de31818548ca29787d164ff0168a8182867d854a77cff8de,TOM025_busuk.png,,,,,,,,,,,,
own_026,images/own_026_busuk.png,busuk,own,train,own:a_meja_kayu,True,approved,1254,1254,126c763b29d7f9ac4da29c69cb70712f580b1f3f59dc8f556c3a30e48e83047e,TOM026_busuk.png,,,,,,,,,,,,
own_027,images/own_027_busuk.png,busuk,own,train,own:a_meja_kayu,True,approved,1254,1254,6d836a913788b73b42cbb18edb2506df226a2a508be18783723b401c8dcc32ea,TOM027_busuk.png,,,,,,,,,,,,
own_028,images/own_028_busuk.png,busuk,own,train,own:a_meja_kayu,True,approved,1254,1254,ce4918dfcf86e98b27b207f4c4b1b861a9f9a2f8174637905eda008c919dc2ff,TOM028_busuk.png,,,,,,,,,,,,
own_029,images/own_029_busuk.png,busuk,own,train,own:a_meja_kayu,True,approved,1254,1254,02f014159ce687dcc88553e8bc9205553908eecc451830192d2511048b03117b,TOM029_busuk.png,,,,,,,,,,,,
own_030,images/own_030_busuk.png,busuk,own,train,own:a_meja_kayu,True,approved,1254,1254,0ee2f79bdd0351c311773f0c677a32a7967234054d80ffdc8861ac8a953c5403,TOM030_busuk.png,,,,,,,,,,,,
own_031,images/own_031_segar.png,segar,own,train,own:b01_ubin,True,approved,1254,1254,dd5b81b5db56cc0d2180b45b7afe616299d254376c454e8d5c57c65e23b586f9,TOM031_segar.png,,,,,,,,,,,,
own_032,images/own_032_segar.png,segar,own,train,own:b02_piring,True,approved,1254,1254,c49184363f9bbce58336e093867355dc062f146ab659719d5cdb3e4afc7ed647,TOM032_segar.png,,,,,,,,,,,,
own_033,images/own_033_segar.png,segar,own,train,own:b03_kardus,True,approved,1254,1254,803a958ae0d9714dd33509edf2f155393aea5fced630203c4a7785dfe5a5d8a4,TOM033_segar.png,,,,,,,,,,,,
own_034,images/own_034_segar.png,segar,own,train,own:b04_granit_hitam,True,approved,1254,1254,1fc3f2d0c8f7d4c138c59faf0c3177d029966b8f6004b9a70a3565251db4054b,TOM034_segar.png,,,,,,,,,,,,
own_035,images/own_035_segar.png,segar,own,train,own:b05_linen,True,approved,1254,1254,3001bb3d06c97ac63e602f66a64b4402f19396a76f966e93b09f1edb1a74921e,TOM035_segar.png,,,,,,,,,,,,
own_036,images/own_036_segar.png,segar,own,test,own:b06_talenan,True,approved,1254,1254,0a5f9b6a866c2b841179d054607680187e6f3072ebf4d36f0fb844be9a5707bd,TOM036_segar.png,,,,,,,,,,,,
own_037,images/own_037_segar.png,segar,own,test,own:b07_baja,True,approved,1254,1254,3fd0c148cbae26e56335d2025f422ca3cf84d494685bf315f9d36efe897bb317,TOM037_segar.png,,,,,,,,,,,,
own_038,images/own_038_segar.png,segar,own,val,own:b08_beton,True,approved,1254,1254,5f912ffd028b35f8763b67d12bef05732c3a9b2cc8b609d31213565b38d784df,TOM038_segar.png,,,,,,,,,,,,
own_039,images/own_039_segar.png,segar,own,val,own:b09_kayu_gelap,True,approved,1254,1254,d78914d257097f3b31e6fb4ee36c163117e9771ea71c8ed1e5b1001ee95205a5,TOM039_segar.png,,,,,,,,,,,,
own_040,images/own_040_segar.png,segar,own,train,own:b10_meja_bintik,True,approved,1254,1254,26eaf92ba9c86d819bdd561c6352645a20aa99e4d9b86868262ad4eefc8d8817,TOM040_segar.png,,,,,,,,,,,,
own_041,images/own_041_tidak_segar.png,tidak_segar,own,train,own:b01_ubin,True,approved,1254,1254,1727a89a68abc7e522d0ba617842c92e47738f4b78d9b6f15dc7b2284e0dd1a1,TOM041_tidak_segar.png,,,,,,,,,,,,
own_042,images/own_042_tidak_segar.png,tidak_segar,own,train,own:b02_piring,True,approved,1254,1254,4f2b98f49ff06fc5aadbdc31f73505fc5ab9d30a4c706553f77900e29df76844,TOM042_tidak_segar.png,,,,,,,,,,,,
own_043,images/own_043_tidak_segar.png,tidak_segar,own,train,own:b03_kardus,True,approved,1254,1254,860d1975ffddba987166decb05770bd21ca1ff3bbbe741a4f7cd53a10e8f981a,TOM043_tidak_segar.png,,,,,,,,,,,,
own_044,images/own_044_tidak_segar.png,tidak_segar,own,train,own:b04_granit_hitam,True,approved,1254,1254,5a269836382afb45d51b989c8df6504b92abf67e7998313ef7fbb0efd92ca701,TOM044_tidak_segar.png,,,,,,,,,,,,
own_045,images/own_045_tidak_segar.png,tidak_segar,own,train,own:b05_linen,True,approved,1254,1254,3ea39348d572f762cca62c580e5c08ed009d9b4b54c85259aa16ec2b1035efb7,TOM045_tidak_segar.png,,,,,,,,,,,,
own_046,images/own_046_tidak_segar.png,tidak_segar,own,test,own:b06_talenan,True,approved,1254,1254,c29d722abe1b80ed96b4a548aa663c7cf4218ea7c0538e2773874c71b1459bbf,TOM046_tidak_segar.png,,,,,,,,,,,,
own_047,images/own_047_tidak_segar.png,tidak_segar,own,test,own:b07_baja,True,approved,1254,1254,e09862fad0e5302cf9c9d3c363673bfaee0f7e9f6947255fb94d85cee38805db,TOM047_tidak_segar.png,,,,,,,,,,,,
own_048,images/own_048_tidak_segar.png,tidak_segar,own,val,own:b08_beton,True,approved,1254,1254,18474a73a1b662d64f0e9239e17990cfdba316f29da70eb38e9d1496a13109a1,TOM048_tidak_segar.png,,,,,,,,,,,,
own_049,images/own_049_tidak_segar.png,tidak_segar,own,val,own:b09_kayu_gelap,True,approved,1254,1254,24188aad43aebbdcb274a15462fc4c2d15bed73c1b9068a740047eae825d2aad,TOM049_tidak_segar.png,,,,,,,,,,,,
own_050,images/own_050_tidak_segar.png,tidak_segar,own,train,own:b10_meja_bintik,True,approved,1254,1254,770fb33260bb82fcc502305eaf4eca8170cc9dd515a9ab2755e8817add25330a,TOM050_tidak_segar.png,,,,,,,,,,,,
own_051,images/own_051_busuk.png,busuk,own,train,own:b01_ubin,True,approved,1254,1254,e04c9ab1b51f87808c4599b0309bd37222ebae6e80204ea810bfdcef7963086e,TOM051_busuk.png,,,,,,,,,,,,
own_052,images/own_052_busuk.png,busuk,own,train,own:b02_piring,True,approved,1254,1254,0fbe67542a1d7d5c1a2c05dbd909f25d48206bc58f51964fdd4e106f3b658673,TOM052_busuk.png,,,,,,,,,,,,
own_053,images/own_053_busuk.png,busuk,own,train,own:b03_kardus,True,approved,1254,1254,dcdf03935ddfdb7132f584ddab1b3bcdb694c0e56d4dc53a24caa3343f984d68,TOM053_busuk.png,,,,,,,,,,,,
own_054,images/own_054_busuk.png,busuk,own,train,own:b04_granit_hitam,True,approved,1254,1254,f98df0bce806bc956aee499a2c43f4193028ed40827896de67c312326d6c2fa9,TOM054_busuk.png,,,,,,,,,,,,
own_055,images/own_055_busuk.png,busuk,own,train,own:b05_linen,True,approved,1254,1254,c2176cb2a29db3ce37ac9f2efba0a9da2e09abc4078dd71032d83729e2a638b4,TOM055_busuk.png,,,,,,,,,,,,
own_056,images/own_056_busuk.png,busuk,own,test,own:b06_talenan,True,approved,1254,1254,b32b0a2b3b35671fd9e4eea98a722c44c6ad0c522be915bfcc898c7ed151cd9e,TOM056_busuk.png,,,,,,,,,,,,
own_057,images/own_057_busuk.png,busuk,own,test,own:b07_baja,True,approved,1254,1254,6206b30f0f80567e80b433b89cad7d1e5a91102e62a004edcb83e260718910bb,TOM057_busuk.png,,,,,,,,,,,,
own_058,images/own_058_busuk.png,busuk,own,val,own:b08_beton,True,approved,1254,1254,7196211c19e4c865e2ce9d3a528527523ebeae064458b0007f7c31187e5bdeec,TOM058_busuk.png,,,,,,,,,,,,
own_059,images/own_059_busuk.png,busuk,own,val,own:b09_kayu_gelap,True,approved,1254,1254,ff02aec1dfa6fb69106d4fa6a61ec2cc7cb463d47b52380f88493c53aa5492fb,TOM059_busuk.png,,,,,,,,,,,,
own_060,images/own_060_busuk.png,busuk,own,train,own:b10_meja_bintik,True,approved,1254,1254,9d004de6d93f88c923250ef59d4880ab7ce92c222041097929f9a05c8bc9361d,TOM060_busuk.png,,,,,,,,,,,,
syn_001,images/syn_001_segar.png,segar,synthetic_ai,train,synthetic:scene01,False,pending_review,1254,1254,260c411573d3f21a645ba367bd0f34a447d25816620e3c7ee6ecea7c609a93c3,SYN001_segar.png,not_recorded_in_earlier_batch,not_recorded_in_earlier_batch,not_recorded_in_earlier_batch,not_recorded_in_earlier_batch,not_recorded_in_earlier_batch,not_recorded_in_earlier_batch,not_recorded_in_earlier_batch,,,,,
syn_002,images/syn_002_tidak_segar.png,tidak_segar,synthetic_ai,train,synthetic:scene01,False,pending_review,1254,1254,fbe8bbd0bdb4b0a5edba57bf047202f81da69507bea8054d0d1501abca5c8051,SYN002_tidak_segar.png,not_recorded_in_earlier_batch,not_recorded_in_earlier_batch,not_recorded_in_earlier_batch,not_recorded_in_earlier_batch,not_recorded_in_earlier_batch,not_recorded_in_earlier_batch,not_recorded_in_earlier_batch,,,,,
syn_003,images/syn_003_busuk.png,busuk,synthetic_ai,train,synthetic:scene01,False,pending_review,1254,1254,e06f019194713c50a388f5e448b084d2f3c3685d04a1d307ce886b2295d5c7b4,SYN003_busuk.png,not_recorded_in_earlier_batch,not_recorded_in_earlier_batch,not_recorded_in_earlier_batch,not_recorded_in_earlier_batch,not_recorded_in_earlier_batch,not_recorded_in_earlier_batch,not_recorded_in_earlier_batch,,,,,
syn_004,images/syn_004_segar.png,segar,synthetic_ai,train,synthetic:scene02,False,pending_review,1254,1254,6696ca0db729368223a03a466900d07adccdd62c5d6d3f4f9c692325bc0096fb,SYN004_segar.png,not_recorded_in_earlier_batch,not_recorded_in_earlier_batch,not_recorded_in_earlier_batch,not_recorded_in_earlier_batch,not_recorded_in_earlier_batch,not_recorded_in_earlier_batch,not_recorded_in_earlier_batch,,,,,
syn_005,images/syn_005_tidak_segar.png,tidak_segar,synthetic_ai,train,synthetic:scene02,False,pending_review,1254,1254,08c2c9a70f9ac39c3ce5e2242b2acbd341b780f34a47af3c7e1b64b456e38884,SYN005_tidak_segar.png,not_recorded_in_earlier_batch,not_recorded_in_earlier_batch,not_recorded_in_earlier_batch,not_recorded_in_earlier_batch,not_recorded_in_earlier_batch,not_recorded_in_earlier_batch,not_recorded_in_earlier_batch,,,,,
syn_006,images/syn_006_busuk.png,busuk,synthetic_ai,train,synthetic:scene02,False,pending_review,1254,1254,e0b76106e8d3f178ec3728e2eea1bed36ed9d200fdd79d620c444464a7d75495,SYN006_busuk.png,not_recorded_in_earlier_batch,not_recorded_in_earlier_batch,not_recorded_in_earlier_batch,not_recorded_in_earlier_batch,not_recorded_in_earlier_batch,not_recorded_in_earlier_batch,not_recorded_in_earlier_batch,,,,,
syn_007,images/syn_007_segar.png,segar,synthetic_ai,train,synthetic:scene03,False,pending_review,1254,1254,0ba1e174632fdf639f167a501890509700aea65f9ba64b82cd064bde7a210186,SYN007_segar.png,not_recorded_in_earlier_batch,not_recorded_in_earlier_batch,not_recorded_in_earlier_batch,not_recorded_in_earlier_batch,not_recorded_in_earlier_batch,not_recorded_in_earlier_batch,not_recorded_in_earlier_batch,,,,,
syn_008,images/syn_008_tidak_segar.png,tidak_segar,synthetic_ai,train,synthetic:scene03,False,pending_review,1254,1254,5cf1a3932c4a2cca6d51041c1b3c9d0c8c27a90e6f5aa0275fe81103b5708c90,SYN008_tidak_segar.png,not_recorded_in_earlier_batch,not_recorded_in_earlier_batch,not_recorded_in_earlier_batch,not_recorded_in_earlier_batch,not_recorded_in_earlier_batch,not_recorded_in_earlier_batch,not_recorded_in_earlier_batch,,,,,
syn_009,images/syn_009_busuk.png,busuk,synthetic_ai,train,synthetic:scene03,False,pending_review,1254,1254,e6bf77ab0cbadfe9c10138be77fcaefc7ffdb0127a922decebfedd4d05c7f03d,SYN009_busuk.png,not_recorded_in_earlier_batch,not_recorded_in_earlier_batch,not_recorded_in_earlier_batch,not_recorded_in_earlier_batch,not_recorded_in_earlier_batch,not_recorded_in_earlier_batch,not_recorded_in_earlier_batch,,,,,
syn_010,images/syn_010_segar.png,segar,synthetic_ai,train,synthetic:scene04,False,pending_review,1254,1254,15fdb0b6600b0d1867da04f22d4dc66bddb97670b5515847128831d6130b4712,SYN010_segar.png,not_recorded_in_earlier_batch,not_recorded_in_earlier_batch,not_recorded_in_earlier_batch,not_recorded_in_earlier_batch,not_recorded_in_earlier_batch,not_recorded_in_earlier_batch,not_recorded_in_earlier_batch,,,,,
syn_011,images/syn_011_tidak_segar.png,tidak_segar,synthetic_ai,train,synthetic:scene04,False,pending_review,1254,1254,e0340b912c82e2e2f01f5b64501ba1525fcd3f19ea58e0865f9b2750d27b2c5a,SYN011_tidak_segar.png,not_recorded_in_earlier_batch,not_recorded_in_earlier_batch,not_recorded_in_earlier_batch,not_recorded_in_earlier_batch,not_recorded_in_earlier_batch,not_recorded_in_earlier_batch,not_recorded_in_earlier_batch,,,,,
syn_012,images/syn_012_busuk.png,busuk,synthetic_ai,train,synthetic:scene04,False,pending_review,1254,1254,5cb9e77a19d106469e305751b0c719be41f30dd78b1f57bfe1e5f57552d82c65,SYN012_busuk.png,not_recorded_in_earlier_batch,not_recorded_in_earlier_batch,not_recorded_in_earlier_batch,not_recorded_in_earlier_batch,not_recorded_in_earlier_batch,not_recorded_in_earlier_batch,not_recorded_in_earlier_batch,,,,,
syn_013,images/syn_013_segar.png,segar,synthetic_ai,train,synthetic:scene05,False,pending_review,1254,1254,bafc003083ecbe4de304115d58236d64c9ff9bb8fe45a70390ef8c13b29182fa,SYN013_segar.png,not_recorded_in_earlier_batch,not_recorded_in_earlier_batch,not_recorded_in_earlier_batch,not_recorded_in_earlier_batch,not_recorded_in_earlier_batch,not_recorded_in_earlier_batch,not_recorded_in_earlier_batch,,,,,
syn_014,images/syn_014_tidak_segar.png,tidak_segar,synthetic_ai,train,synthetic:scene05,False,pending_review,1254,1254,4b6a1419ffd910516d2b08edb946d355f6fd6473a836e2ac4cc6a07a3aa6827b,SYN014_tidak_segar.png,not_recorded_in_earlier_batch,not_recorded_in_earlier_batch,not_recorded_in_earlier_batch,not_recorded_in_earlier_batch,not_recorded_in_earlier_batch,not_recorded_in_earlier_batch,not_recorded_in_earlier_batch,,,,,
syn_015,images/syn_015_busuk.png,busuk,synthetic_ai,train,synthetic:scene05,False,pending_review,1254,1254,e7e2e96f36417d94c4c61f13918526c592568603a1a7c62ae4c07677c6ebe536,SYN015_busuk.png,not_recorded_in_earlier_batch,not_recorded_in_earlier_batch,not_recorded_in_earlier_batch,not_recorded_in_earlier_batch,not_recorded_in_earlier_batch,not_recorded_in_earlier_batch,not_recorded_in_earlier_batch,,,,,
syn_016,images/syn_016_segar.png,segar,synthetic_ai,train,synthetic:scene06,False,pending_review,1254,1254,8bc859b4c905869e7b900351f2bc7e4cd74107937486b6026ad5398509639e6b,SYN016_segar.png,not_recorded_in_earlier_batch,not_recorded_in_earlier_batch,not_recorded_in_earlier_batch,not_recorded_in_earlier_batch,not_recorded_in_earlier_batch,not_recorded_in_earlier_batch,not_recorded_in_earlier_batch,,,,,
syn_017,images/syn_017_tidak_segar.png,tidak_segar,synthetic_ai,train,synthetic:scene06,False,pending_review,1254,1254,55e8f6f2aee2bc3315c8a0e2aac3b34b2eeb9e77db28840f44603bb5a795c21e,SYN017_tidak_segar.png,not_recorded_in_earlier_batch,not_recorded_in_earlier_batch,not_recorded_in_earlier_batch,not_recorded_in_earlier_batch,not_recorded_in_earlier_batch,not_recorded_in_earlier_batch,not_recorded_in_earlier_batch,,,,,
syn_018,images/syn_018_busuk.png,busuk,synthetic_ai,train,synthetic:scene06,False,pending_review,1254,1254,7f2779fe04bd56f369e3ab81ad50f5124f24ce4655a93367fff35ff6d3dcfadb,SYN018_busuk.png,not_recorded_in_earlier_batch,not_recorded_in_earlier_batch,not_recorded_in_earlier_batch,not_recorded_in_earlier_batch,not_recorded_in_earlier_batch,not_recorded_in_earlier_batch,not_recorded_in_earlier_batch,,,,,
syn_019,images/syn_019_segar.png,segar,synthetic_ai,train,synthetic:scene07,False,pending_review,1254,1254,357b866cd147ab1ec317e0adc2f7329970be58415748dc7765074a422fdfee4c,SYN019_segar.png,not_recorded_in_earlier_batch,not_recorded_in_earlier_batch,not_recorded_in_earlier_batch,not_recorded_in_earlier_batch,not_recorded_in_earlier_batch,not_recorded_in_earlier_batch,not_recorded_in_earlier_batch,,,,,
syn_020,images/syn_020_tidak_segar.png,tidak_segar,synthetic_ai,train,synthetic:scene07,False,pending_review,1254,1254,16d5a3a9c5fe0f719d5ec64aad178b3fd4b584ec265d949915125976e5b0091d,SYN020_tidak_segar.png,not_recorded_in_earlier_batch,not_recorded_in_earlier_batch,not_recorded_in_earlier_batch,not_recorded_in_earlier_batch,not_recorded_in_earlier_batch,not_recorded_in_earlier_batch,not_recorded_in_earlier_batch,,,,,
syn_021,images/syn_021_busuk.png,busuk,synthetic_ai,train,synthetic:scene07,False,pending_review,1254,1254,a4a7989c35f1ef361cb3d7cf19b4fba3866ce615d5cb9a27a48fe50884a3bcc4,SYN021_busuk.png,not_recorded_in_earlier_batch,not_recorded_in_earlier_batch,not_recorded_in_earlier_batch,not_recorded_in_earlier_batch,not_recorded_in_earlier_batch,not_recorded_in_earlier_batch,not_recorded_in_earlier_batch,,,,,
syn_022,images/syn_022_segar.png,segar,synthetic_ai,train,synthetic:scene08,False,pending_review,1254,1254,a64a2ad1cc33e0f4d5e194d802ae05c9903c5c4d11833b167717bd6ff6c9aa8d,SYN022_segar.png,not_recorded_in_earlier_batch,not_recorded_in_earlier_batch,not_recorded_in_earlier_batch,not_recorded_in_earlier_batch,not_recorded_in_earlier_batch,not_recorded_in_earlier_batch,not_recorded_in_earlier_batch,,,,,
syn_023,images/syn_023_tidak_segar.png,tidak_segar,synthetic_ai,train,synthetic:scene08,False,pending_review,1254,1254,04aea961333f7ebdd9078f34a0610d7b306df11a7f022ad6c76cbb656a2f4a76,SYN023_tidak_segar.png,not_recorded_in_earlier_batch,not_recorded_in_earlier_batch,not_recorded_in_earlier_batch,not_recorded_in_earlier_batch,not_recorded_in_earlier_batch,not_recorded_in_earlier_batch,not_recorded_in_earlier_batch,,,,,
syn_024,images/syn_024_busuk.png,busuk,synthetic_ai,train,synthetic:scene08,False,pending_review,1254,1254,ef3b081bee63a5b841b062e8c9830c8165abfd86659944b3c1cf9f0cdd31d1be,SYN024_busuk.png,not_recorded_in_earlier_batch,not_recorded_in_earlier_batch,not_recorded_in_earlier_batch,not_recorded_in_earlier_batch,not_recorded_in_earlier_batch,not_recorded_in_earlier_batch,not_recorded_in_earlier_batch,,,,,
syn_025,images/syn_025_segar.png,segar,synthetic_ai,train,synthetic:scene09,False,pending_review,1254,1254,840c6d917b489845c34a5e17caed8d0a5e954899cd8f6a6df0d75428a8f03326,SYN025_segar.png,not_recorded_in_earlier_batch,not_recorded_in_earlier_batch,not_recorded_in_earlier_batch,not_recorded_in_earlier_batch,not_recorded_in_earlier_batch,not_recorded_in_earlier_batch,not_recorded_in_earlier_batch,,,,,
syn_026,images/syn_026_tidak_segar.png,tidak_segar,synthetic_ai,train,synthetic:scene09,False,pending_review,1254,1254,4bd1b544c35919d74ce4f57d8d781a8655d911efeb411fb774af6bffb1f74c6d,SYN026_tidak_segar.png,not_recorded_in_earlier_batch,not_recorded_in_earlier_batch,not_recorded_in_earlier_batch,not_recorded_in_earlier_batch,not_recorded_in_earlier_batch,not_recorded_in_earlier_batch,not_recorded_in_earlier_batch,,,,,
syn_027,images/syn_027_busuk.png,busuk,synthetic_ai,train,synthetic:scene09,False,pending_review,1254,1254,51410d52fb1c67253d4b113e7f41b988b5335a143f5fbb1e3c4fe7dc07f0b6f1,SYN027_busuk.png,not_recorded_in_earlier_batch,not_recorded_in_earlier_batch,not_recorded_in_earlier_batch,not_recorded_in_earlier_batch,not_recorded_in_earlier_batch,not_recorded_in_earlier_batch,not_recorded_in_earlier_batch,,,,,
syn_028,images/syn_028_segar.png,segar,synthetic_ai,train,synthetic:scene10,False,pending_review,1254,1254,e2d220e00112b859933aa9f3cf1b2cab6946c26d5452e4fe6a521428b6e60566,SYN028_segar.png,not_recorded_in_earlier_batch,not_recorded_in_earlier_batch,not_recorded_in_earlier_batch,not_recorded_in_earlier_batch,not_recorded_in_earlier_batch,not_recorded_in_earlier_batch,not_recorded_in_earlier_batch,,,,,
syn_029,images/syn_029_tidak_segar.png,tidak_segar,synthetic_ai,train,synthetic:scene10,False,pending_review,1254,1254,d811dc9b7d19c73a1a8185ffc357171359b4d9642a1c8c46925492878a5698fd,SYN029_tidak_segar.png,not_recorded_in_earlier_batch,not_recorded_in_earlier_batch,not_recorded_in_earlier_batch,not_recorded_in_earlier_batch,not_recorded_in_earlier_batch,not_recorded_in_earlier_batch,not_recorded_in_earlier_batch,,,,,
syn_030,images/syn_030_busuk.png,busuk,synthetic_ai,train,synthetic:scene10,False,pending_review,1254,1254,e3db68e202a042a2c601b3eb5005968938898f9d02415ca7d592f622d3562000,SYN030_busuk.png,not_recorded_in_earlier_batch,not_recorded_in_earlier_batch,not_recorded_in_earlier_batch,not_recorded_in_earlier_batch,not_recorded_in_earlier_batch,not_recorded_in_earlier_batch,not_recorded_in_earlier_batch,,,,,
syn_031,images/syn_031_segar.png,segar,synthetic_ai,train,synthetic:scene11,False,pending_review,1254,1254,6b4dfdba4596dee4e6b890b90a9fc6285babc6b8e76759446bf4a0995f2a8d39,SYN031_segar.png,not_recorded_in_earlier_batch,not_recorded_in_earlier_batch,not_recorded_in_earlier_batch,not_recorded_in_earlier_batch,not_recorded_in_earlier_batch,not_recorded_in_earlier_batch,not_recorded_in_earlier_batch,,,,,
syn_032,images/syn_032_tidak_segar.png,tidak_segar,synthetic_ai,train,synthetic:scene11,False,pending_review,1254,1254,9105f77c56c5a3b5733a9161a371d50fd6f5dd6421004f59fc32f391159a6bda,SYN032_tidak_segar.png,not_recorded_in_earlier_batch,not_recorded_in_earlier_batch,not_recorded_in_earlier_batch,not_recorded_in_earlier_batch,not_recorded_in_earlier_batch,not_recorded_in_earlier_batch,not_recorded_in_earlier_batch,,,,,
syn_033,images/syn_033_busuk.png,busuk,synthetic_ai,train,synthetic:scene11,False,pending_review,1254,1254,7d73ac8e0e5f5fc32ed16b78b09aa93e225cc72af5bca8b040c0c189c5a64f83,SYN033_busuk.png,not_recorded_in_earlier_batch,not_recorded_in_earlier_batch,not_recorded_in_earlier_batch,not_recorded_in_earlier_batch,not_recorded_in_earlier_batch,not_recorded_in_earlier_batch,not_recorded_in_earlier_batch,,,,,
syn_034,images/syn_034_segar.png,segar,synthetic_ai,train,synthetic:scene12,False,pending_review,1254,1254,9adc79267cc03f3688f30d61177d3e70ddec47f42ae360575b6085d5a7cfe61c,SYN034_segar.png,not_recorded_in_earlier_batch,not_recorded_in_earlier_batch,not_recorded_in_earlier_batch,not_recorded_in_earlier_batch,not_recorded_in_earlier_batch,not_recorded_in_earlier_batch,not_recorded_in_earlier_batch,,,,,
syn_035,images/syn_035_tidak_segar.png,tidak_segar,synthetic_ai,train,synthetic:scene12,False,pending_review,1254,1254,dfe40ba238985f72e26d347a9354e83cb64635c1fc05499a58d3971eea6e4726,SYN035_tidak_segar.png,not_recorded_in_earlier_batch,not_recorded_in_earlier_batch,not_recorded_in_earlier_batch,not_recorded_in_earlier_batch,not_recorded_in_earlier_batch,not_recorded_in_earlier_batch,not_recorded_in_earlier_batch,,,,,
syn_036,images/syn_036_busuk.png,busuk,synthetic_ai,train,synthetic:scene12,False,pending_review,1254,1254,ac31b0d15c362746cb93418f7aa6a44b7fdc3f914cfa2f8f48193d5f7ba16686,SYN036_busuk.png,not_recorded_in_earlier_batch,not_recorded_in_earlier_batch,not_recorded_in_earlier_batch,not_recorded_in_earlier_batch,not_recorded_in_earlier_batch,not_recorded_in_earlier_batch,not_recorded_in_earlier_batch,,,,,
syn_037,images/syn_037_segar.png,segar,synthetic_ai,train,synthetic:scene13,False,pending_review,1254,1254,797ce4f1d9f0be6dc581b92f4f19f676fc10254b19c9f0b07811151679bb16c5,SYN037_segar.png,not_recorded_in_earlier_batch,not_recorded_in_earlier_batch,not_recorded_in_earlier_batch,not_recorded_in_earlier_batch,not_recorded_in_earlier_batch,not_recorded_in_earlier_batch,not_recorded_in_earlier_batch,,,,,
syn_038,images/syn_038_tidak_segar.png,tidak_segar,synthetic_ai,train,synthetic:scene13,False,pending_review,1254,1254,1e1c47396db52119b56eb1aea140e6e6c1b0ff839b9d206510bfff98b307f080,SYN038_tidak_segar.png,not_recorded_in_earlier_batch,not_recorded_in_earlier_batch,not_recorded_in_earlier_batch,not_recorded_in_earlier_batch,not_recorded_in_earlier_batch,not_recorded_in_earlier_batch,not_recorded_in_earlier_batch,,,,,
syn_039,images/syn_039_busuk.png,busuk,synthetic_ai,train,synthetic:scene13,False,pending_review,1254,1254,216b4d87474a8e24a021d1d20cdc7e4f5d67058689daa5a795b6fb2e70597ea1,SYN039_busuk.png,not_recorded_in_earlier_batch,not_recorded_in_earlier_batch,not_recorded_in_earlier_batch,not_recorded_in_earlier_batch,not_recorded_in_earlier_batch,not_recorded_in_earlier_batch,not_recorded_in_earlier_batch,,,,,
syn_040,images/syn_040_segar.png,segar,synthetic_ai,train,synthetic:scene14,False,pending_review,1254,1254,558676a89efdbb4915c1c11b6d93b46d3840926260509bff7666b1e3874beb9e,SYN040_segar.png,not_recorded_in_earlier_batch,not_recorded_in_earlier_batch,not_recorded_in_earlier_batch,not_recorded_in_earlier_batch,not_recorded_in_earlier_batch,not_recorded_in_earlier_batch,not_recorded_in_earlier_batch,,,,,
syn_041,images/syn_041_tidak_segar.png,tidak_segar,synthetic_ai,train,synthetic:scene14,False,pending_review,1254,1254,d5caf34ff40a10276e262b25a2687706cdbb2692f9a0257e3837ec3f4aab053a,SYN041_tidak_segar.png,not_recorded_in_earlier_batch,not_recorded_in_earlier_batch,not_recorded_in_earlier_batch,not_recorded_in_earlier_batch,not_recorded_in_earlier_batch,not_recorded_in_earlier_batch,not_recorded_in_earlier_batch,,,,,
syn_042,images/syn_042_busuk.png,busuk,synthetic_ai,train,synthetic:scene14,False,pending_review,1254,1254,d5344cf0b590a9c39e9fb54d459e74830743a51e48b5344282fd3011684fe25a,SYN042_busuk.png,not_recorded_in_earlier_batch,not_recorded_in_earlier_batch,not_recorded_in_earlier_batch,not_recorded_in_earlier_batch,not_recorded_in_earlier_batch,not_recorded_in_earlier_batch,not_recorded_in_earlier_batch,,,,,
syn_043,images/syn_043_segar.png,segar,synthetic_ai,train,synthetic:scene15,False,pending_review,1254,1254,acfaac362d1228988543879b9e335ddbb336a2dadd084faa19ee1bba0c3afa92,SYN043_segar.png,not_recorded_in_earlier_batch,not_recorded_in_earlier_batch,not_recorded_in_earlier_batch,not_recorded_in_earlier_batch,not_recorded_in_earlier_batch,not_recorded_in_earlier_batch,not_recorded_in_earlier_batch,,,,,
syn_044,images/syn_044_tidak_segar.png,tidak_segar,synthetic_ai,train,synthetic:scene15,False,pending_review,1254,1254,ffd23a623e76f61b5897168277a5e49b76591781862f695ad03fba66003e6a48,SYN044_tidak_segar.png,not_recorded_in_earlier_batch,not_recorded_in_earlier_batch,not_recorded_in_earlier_batch,not_recorded_in_earlier_batch,not_recorded_in_earlier_batch,not_recorded_in_earlier_batch,not_recorded_in_earlier_batch,,,,,
syn_045,images/syn_045_busuk.png,busuk,synthetic_ai,train,synthetic:scene15,False,pending_review,1254,1254,dcded82336474e71a4c40f2c769691f257f52d9c07a801a570079e6d62dbbb98,SYN045_busuk.png,not_recorded_in_earlier_batch,not_recorded_in_earlier_batch,not_recorded_in_earlier_batch,not_recorded_in_earlier_batch,not_recorded_in_earlier_batch,not_recorded_in_earlier_batch,not_recorded_in_earlier_batch,,,,,
syn_046,images/syn_046_segar.png,segar,synthetic_ai,train,synthetic:scene16,False,pending_review,1254,1254,866f9a1c298fa87ee6d8b829d70b13ff9b76171356bc253d225601ff07be4052,SYN046_segar.png,a scratched pale wooden kitchen board,soft indirect morning window daylight,the tomato occupying about 65 percent of the frame width,a 45 degree oblique view showing the top and front,a round red salad tomato with a small dried stem scar,not_recorded_in_earlier_batch,not_recorded_in_earlier_batch,,,,,
syn_047,images/syn_047_tidak_segar.png,tidak_segar,synthetic_ai,train,synthetic:scene16,False,pending_review,1254,1254,d03d40dc898680b0b1cea3ae846118f95f5559fae138a8b060b6c20b0a8d41ec,SYN047_tidak_segar.png,a scratched pale wooden kitchen board,soft indirect morning window daylight,the tomato occupying about 65 percent of the frame width,a 45 degree oblique view showing the top and front,a round red salad tomato with a small dried stem scar,not_recorded_in_earlier_batch,not_recorded_in_earlier_batch,,,,,
syn_048,images/syn_048_busuk.png,busuk,synthetic_ai,train,synthetic:scene16,False,pending_review,1254,1254,bbb380a7e661da4197b66580b3f253226365d0c7110684c72fb4a4d2422759d9,SYN048_busuk.png,a scratched pale wooden kitchen board,soft indirect morning window daylight,the tomato occupying about 65 percent of the frame width,a 45 degree oblique view showing the top and front,a round red salad tomato with a small dried stem scar,not_recorded_in_earlier_batch,not_recorded_in_earlier_batch,,,,,
syn_049,images/syn_049_segar.png,segar,synthetic_ai,train,synthetic:scene17,False,pending_review,1254,1254,097e4f093d8de9b3d2b6d8607188743141c16fdc2f6062ad8b69416e078c5512,SYN049_segar.png,matte charcoal kitchen counter,soft indirect morning window daylight,the tomato occupying about 65 percent of the frame width,a 45 degree oblique view showing the top and front,an oval red roma tomato without a stem,not_recorded_in_earlier_batch,not_recorded_in_earlier_batch,,,,,
syn_050,images/syn_050_tidak_segar.png,tidak_segar,synthetic_ai,train,synthetic:scene17,False,pending_review,1254,1254,6df4d4b1c76708eb92a8875bbc4f8fd026170d302bcb923f16d8a3af1c5eac15,SYN050_tidak_segar.png,matte charcoal kitchen counter,soft indirect morning window daylight,the tomato occupying about 65 percent of the frame width,a 45 degree oblique view showing the top and front,an oval red roma tomato without a stem,not_recorded_in_earlier_batch,not_recorded_in_earlier_batch,,,,,
syn_051,images/syn_051_busuk.png,busuk,synthetic_ai,train,synthetic:scene17,False,pending_review,1254,1254,e0181c3a3103cd29963e33b6ebb8312cd0cce7119e818c636e4d81255fe60d2c,SYN051_busuk.png,matte charcoal kitchen counter,soft indirect morning window daylight,the tomato occupying about 65 percent of the frame width,a 45 degree oblique view showing the top and front,an oval red roma tomato without a stem,not_recorded_in_earlier_batch,not_recorded_in_earlier_batch,,,,,
syn_052,images/syn_052_segar.png,segar,synthetic_ai,train,synthetic:scene18,False,pending_review,1254,1254,30491918ef7f58c7830bedd61f6fb598025366985220f16083bde98a3771f945,SYN052_segar.png,cream ceramic plate on a table,soft indirect morning window daylight,the tomato occupying about 65 percent of the frame width,a near overhead view with the entire fruit visible,a ribbed red beefsteak tomato with a short natural calyx,not_recorded_in_earlier_batch,not_recorded_in_earlier_batch,,,,,
syn_053,images/syn_053_tidak_segar.png,tidak_segar,synthetic_ai,train,synthetic:scene18,False,pending_review,1254,1254,a81b447d43b43bf84a5eeb3e90e6a9f0e1b81ec22375ac8b58b52364628a7310,SYN053_tidak_segar.png,cream ceramic plate on a table,soft indirect morning window daylight,the tomato occupying about 65 percent of the frame width,a near overhead view with the entire fruit visible,a ribbed red beefsteak tomato with a short natural calyx,not_recorded_in_earlier_batch,not_recorded_in_earlier_batch,,,,,
syn_054,images/syn_054_busuk.png,busuk,synthetic_ai,train,synthetic:scene18,False,pending_review,1254,1254,37c30b5c0a6d33569a167a791b572c7692e68d24ad7930b9fbaf3ed97a0e5eb8,SYN054_busuk.png,cream ceramic plate on a table,soft indirect morning window daylight,the tomato occupying about 65 percent of the frame width,a near overhead view with the entire fruit visible,a ribbed red beefsteak tomato with a short natural calyx,not_recorded_in_earlier_batch,not_recorded_in_earlier_batch,,,,,
syn_055,images/syn_055_segar.png,segar,synthetic_ai,train,synthetic:scene19,False,pending_review,1254,1254,daf3d69e193f3314f5152c581c52001e765c88153a2fabd5285a3d259d4d59b1,SYN055_segar.png,red brick patio ledge,diffuse overcast outdoor daylight,the tomato occupying about 65 percent of the frame width,a near overhead view with the entire fruit visible,a small round orange-red cherry tomato,not_recorded_in_earlier_batch,not_recorded_in_earlier_batch,,,,,
syn_056,images/syn_056_tidak_segar.png,tidak_segar,synthetic_ai,train,synthetic:scene19,False,pending_review,1254,1254,b561167bb683a3c15590d35d740e17a96e2c177346fce3ee478a1f874c0ac1d6,SYN056_tidak_segar.png,red brick patio ledge,diffuse overcast outdoor daylight,the tomato occupying about 65 percent of the frame width,a near overhead view with the entire fruit visible,a small round orange-red cherry tomato,not_recorded_in_earlier_batch,not_recorded_in_earlier_batch,,,,,
syn_057,images/syn_057_busuk.png,busuk,synthetic_ai,train,synthetic:scene19,False,pending_review,1254,1254,cdaf3bea3899c10008610c1a91312d9c5be089a71bf83f0d1e89ebf9cb9557b0,SYN057_busuk.png,red brick patio ledge,diffuse overcast outdoor daylight,the tomato occupying about 65 percent of the frame width,a near overhead view with the entire fruit visible,a small round orange-red cherry tomato,not_recorded_in_earlier_batch,not_recorded_in_earlier_batch,,,,,
syn_058,images/syn_058_segar.png,segar,synthetic_ai,train,synthetic:scene20,False,pending_review,1254,1254,d350a1504149ed709ceb7da117cdfa4ef4d5c821e2fe7832e338b612e8605df5,SYN058_segar.png,blue plastic kitchen tray,diffuse overcast outdoor daylight,the tomato occupying about 45 percent of the frame width with more visible surroundings,a low side view at the height of the fruit,an elongated reddish-orange plum tomato,not_recorded_in_earlier_batch,not_recorded_in_earlier_batch,,,,,
syn_059,images/syn_059_tidak_segar.png,tidak_segar,synthetic_ai,train,synthetic:scene20,False,pending_review,1254,1254,bc3f76c2a520d62c355cc64dd9380820240d67fa4a7b991b4feb79eef29e97f2,SYN059_tidak_segar.png,blue plastic kitchen tray,diffuse overcast outdoor daylight,the tomato occupying about 45 percent of the frame width with more visible surroundings,a low side view at the height of the fruit,an elongated reddish-orange plum tomato,not_recorded_in_earlier_batch,not_recorded_in_earlier_batch,,,,,
syn_060,images/syn_060_busuk.png,busuk,synthetic_ai,train,synthetic:scene20,False,pending_review,1254,1254,fc08ac1498e654ce665f071a6bc1f995184707ea79a633593adde41b5599b53b,SYN060_busuk.png,blue plastic kitchen tray,diffuse overcast outdoor daylight,the tomato occupying about 45 percent of the frame width with more visible surroundings,a low side view at the height of the fruit,an elongated reddish-orange plum tomato,not_recorded_in_earlier_batch,not_recorded_in_earlier_batch,,,,,
syn_061,images/syn_061_segar.png,segar,synthetic_ai,train,synthetic:scene21,False,pending_review,1254,1254,d58411acf7c90b7b33ecbadc1a7ec783a16e5e4ab1a6d6770464a3f923156800,SYN061_segar.png,brushed stainless steel sink drainer,diffuse overcast outdoor daylight,the tomato occupying about 45 percent of the frame width with more visible surroundings,a low side view at the height of the fruit,a round pink-red tomato with a faint pale shoulder,not_recorded_in_earlier_batch,not_recorded_in_earlier_batch,,,,,
syn_062,images/syn_062_tidak_segar.png,tidak_segar,synthetic_ai,train,synthetic:scene21,False,pending_review,1254,1254,d2d22d31cbf2c9540c22b5b340f6a7e30df274b2daea617bb730e8960b7780c0,SYN062_tidak_segar.png,brushed stainless steel sink drainer,diffuse overcast outdoor daylight,the tomato occupying about 45 percent of the frame width with more visible surroundings,a low side view at the height of the fruit,a round pink-red tomato with a faint pale shoulder,not_recorded_in_earlier_batch,not_recorded_in_earlier_batch,,,,,
syn_063,images/syn_063_busuk.png,busuk,synthetic_ai,train,synthetic:scene21,False,pending_review,1254,1254,5dabdef0408b20379bcd67f3d68ba0e6ce7c5843c672d51ec60d683358411714,SYN063_busuk.png,brushed stainless steel sink drainer,diffuse overcast outdoor daylight,the tomato occupying about 45 percent of the frame width with more visible surroundings,a low side view at the height of the fruit,a round pink-red tomato with a faint pale shoulder,not_recorded_in_earlier_batch,not_recorded_in_earlier_batch,,,,,
syn_064,images/syn_064_segar.png,segar,synthetic_ai,train,synthetic:scene22,False,pending_review,1254,1254,e754a24b5806faaab40bd22422cf36f996660a8d6b2d793e476b235c5106f499,SYN064_segar.png,unbleached cotton kitchen cloth,"warm indoor ceiling light, realistic white balance",the tomato occupying about 45 percent of the frame width with more visible surroundings,a slightly elevated side view showing its stem scar,a round red salad tomato with a small dried stem scar,dry skin without water droplets,subtle handheld motion softness along one direction while tomato condition remains identifiable,,,,,
syn_065,images/syn_065_tidak_segar.png,tidak_segar,synthetic_ai,train,synthetic:scene22,False,pending_review,1254,1254,ea8ac1c0e302fdade891ec9c94d5480df282055b9e684d50eae2d44285956005,SYN065_tidak_segar.png,unbleached cotton kitchen cloth,"warm indoor ceiling light, realistic white balance",the tomato occupying about 45 percent of the frame width with more visible surroundings,a slightly elevated side view showing its stem scar,a round red salad tomato with a small dried stem scar,dry skin without water droplets,subtle handheld motion softness along one direction while tomato condition remains identifiable,,,,,
syn_066,images/syn_066_busuk.png,busuk,synthetic_ai,train,synthetic:scene22,False,pending_review,1254,1254,1041492d52209dd2253ba5faa664cd40675c55df23f5b0551741ff489cbcd99a,SYN066_busuk.png,unbleached cotton kitchen cloth,"warm indoor ceiling light, realistic white balance",the tomato occupying about 45 percent of the frame width with more visible surroundings,a slightly elevated side view showing its stem scar,a round red salad tomato with a small dried stem scar,dry skin without water droplets,subtle handheld motion softness along one direction while tomato condition remains identifiable,,,,,
syn_067,images/syn_067_segar.png,segar,synthetic_ai,train,synthetic:scene23,False,pending_review,1254,1254,a17cc2d8845f449fcbe4974097a8306bc9281333ddb955cf77573106cceefbb6,SYN067_segar.png,gray concrete windowsill,"warm indoor ceiling light, realistic white balance",the tomato occupying about 45 percent of the frame width with more visible surroundings,a slightly elevated side view showing its stem scar,an oval red roma tomato without a stem,dry skin without water droplets,subtle handheld motion softness along one direction while tomato condition remains identifiable,,,,,
syn_068,images/syn_068_tidak_segar.png,tidak_segar,synthetic_ai,train,synthetic:scene23,False,pending_review,1254,1254,20264adf2df9d8ff2e0adcd00b32087a0231bd2134076f2044b38fb21a14cab8,SYN068_tidak_segar.png,gray concrete windowsill,"warm indoor ceiling light, realistic white balance",the tomato occupying about 45 percent of the frame width with more visible surroundings,a slightly elevated side view showing its stem scar,an oval red roma tomato without a stem,dry skin without water droplets,subtle handheld motion softness along one direction while tomato condition remains identifiable,,,,,
syn_069,images/syn_069_busuk.png,busuk,synthetic_ai,train,synthetic:scene23,False,pending_review,1254,1254,370e607c7505cbb932e2d2ab32410f66bb5ef954800d82e598803e80a11bf2b0,SYN069_busuk.png,gray concrete windowsill,"warm indoor ceiling light, realistic white balance",the tomato occupying about 45 percent of the frame width with more visible surroundings,a slightly elevated side view showing its stem scar,an oval red roma tomato without a stem,dry skin without water droplets,subtle handheld motion softness along one direction while tomato condition remains identifiable,,,,,
syn_070,images/syn_070_segar.png,segar,synthetic_ai,train,synthetic:scene24,False,pending_review,1254,1254,2dda59baf3b47abb4a166b7aaaf07afba5a928ef84f388424a4024651470a7a4,SYN070_segar.png,brown corrugated cardboard surface,"warm indoor ceiling light, realistic white balance",the tomato occupying about 30 percent of the frame width with substantial visible background,a 45 degree oblique view showing the top and front,a ribbed red beefsteak tomato with a short natural calyx,freshly rinsed skin with scattered clear water droplets; water is not mold and does not change the requested freshness condition,subtle handheld motion softness along one direction while tomato condition remains identifiable,,,,,
syn_071,images/syn_071_tidak_segar.png,tidak_segar,synthetic_ai,train,synthetic:scene24,False,pending_review,1254,1254,2930d8bd57e123e8077bdce086ce0c883fbc5840cefc03decfeffba4e4b9a685,SYN071_tidak_segar.png,brown corrugated cardboard surface,"warm indoor ceiling light, realistic white balance",the tomato occupying about 30 percent of the frame width with substantial visible background,a 45 degree oblique view showing the top and front,a ribbed red beefsteak tomato with a short natural calyx,freshly rinsed skin with scattered clear water droplets; water is not mold and does not change the requested freshness condition,subtle handheld motion softness along one direction while tomato condition remains identifiable,,,,,
syn_072,images/syn_072_busuk.png,busuk,synthetic_ai,train,synthetic:scene24,False,pending_review,1254,1254,5939708725ce8a19ceaaf7544ca41d83ec0364cd29c6bb1dad6d0c6076244eb8,SYN072_busuk.png,brown corrugated cardboard surface,"warm indoor ceiling light, realistic white balance",the tomato occupying about 30 percent of the frame width with substantial visible background,a 45 degree oblique view showing the top and front,a ribbed red beefsteak tomato with a short natural calyx,freshly rinsed skin with scattered clear water droplets; water is not mold and does not change the requested freshness condition,subtle handheld motion softness along one direction while tomato condition remains identifiable,,,,,
syn_073,images/syn_073_segar.png,segar,synthetic_ai,train,synthetic:scene25,False,pending_review,1254,1254,63407264ab72b19c5718501fc2c33becf153d541600ec37022f555e3907ce20e,SYN073_segar.png,speckled beige stone counter,late afternoon side sunlight with a soft edged shadow,the tomato occupying about 30 percent of the frame width with substantial visible background,a 45 degree oblique view showing the top and front,a small round orange-red cherry tomato,freshly rinsed skin with scattered clear water droplets; water is not mold and does not change the requested freshness condition,sharp focus on the tomato skin,,,,,
syn_074,images/syn_074_tidak_segar.png,tidak_segar,synthetic_ai,train,synthetic:scene25,False,pending_review,1254,1254,e0d41c5dc962bbe6e46551a4fe877cb4ac01421f1268e1fd3bc65c1ba422b28e,SYN074_tidak_segar.png,speckled beige stone counter,late afternoon side sunlight with a soft edged shadow,the tomato occupying about 30 percent of the frame width with substantial visible background,a 45 degree oblique view showing the top and front,a small round orange-red cherry tomato,freshly rinsed skin with scattered clear water droplets; water is not mold and does not change the requested freshness condition,sharp focus on the tomato skin,,,,,
syn_075,images/syn_075_busuk.png,busuk,synthetic_ai,train,synthetic:scene25,False,pending_review,1254,1254,4be47d609377749626dcd4837204580016984ec92ebb7cfdf9ed3024de9888b4,SYN075_busuk.png,speckled beige stone counter,late afternoon side sunlight with a soft edged shadow,the tomato occupying about 30 percent of the frame width with substantial visible background,a 45 degree oblique view showing the top and front,a small round orange-red cherry tomato,freshly rinsed skin with scattered clear water droplets; water is not mold and does not change the requested freshness condition,sharp focus on the tomato skin,,,,,
syn_076,images/syn_076_segar.png,segar,synthetic_ai,train,synthetic:scene26,False,pending_review,1254,1254,0bb5c11627a8e0a31081bbd5f1f3741d19e0d31e7ade5949222045762623b919,SYN076_segar.png,white ceramic kitchen tiles,late afternoon side sunlight with a soft edged shadow,the tomato occupying about 30 percent of the frame width with substantial visible background,a near overhead view with the entire fruit visible,an elongated reddish-orange plum tomato,"damp skin with a thin realistic water sheen, not a glossy plastic rendering",sharp focus on the tomato skin,,,,,
syn_077,images/syn_077_tidak_segar.png,tidak_segar,synthetic_ai,train,synthetic:scene26,False,pending_review,1254,1254,adac16e0765a890fdf738099c1c790bb1daa38924173059f83554fffb8b8bf78,SYN077_tidak_segar.png,white ceramic kitchen tiles,late afternoon side sunlight with a soft edged shadow,the tomato occupying about 30 percent of the frame width with substantial visible background,a near overhead view with the entire fruit visible,an elongated reddish-orange plum tomato,"damp skin with a thin realistic water sheen, not a glossy plastic rendering",sharp focus on the tomato skin,,,,,
syn_078,images/syn_078_busuk.png,busuk,synthetic_ai,train,synthetic:scene26,False,pending_review,1254,1254,f908fb7305da32e33c2c55f08cfed927ef9a7e2a7137e91961b1db983682c5fa,SYN078_busuk.png,white ceramic kitchen tiles,late afternoon side sunlight with a soft edged shadow,the tomato occupying about 30 percent of the frame width with substantial visible background,a near overhead view with the entire fruit visible,an elongated reddish-orange plum tomato,"damp skin with a thin realistic water sheen, not a glossy plastic rendering",sharp focus on the tomato skin,,,,,
syn_079,images/syn_079_segar.png,segar,synthetic_ai,train,synthetic:scene27,False,pending_review,1254,1254,6476ef2bbb0d7c063e62551740ef373c9ba2acc506e3a4e523355f0fa434feb4,SYN079_segar.png,green plastic market crate floor,late afternoon side sunlight with a soft edged shadow,the tomato occupying about 30 percent of the frame width with substantial visible background,a near overhead view with the entire fruit visible,a round pink-red tomato with a faint pale shoulder,"damp skin with a thin realistic water sheen, not a glossy plastic rendering",sharp focus on the tomato skin,,,,,
syn_080,images/syn_080_tidak_segar.png,tidak_segar,synthetic_ai,train,synthetic:scene27,False,pending_review,1254,1254,75ed64dcbc9e1f2953159e0a6e7437f62e724f1fbc37f991afd45d05096c4e28,SYN080_tidak_segar.png,green plastic market crate floor,late afternoon side sunlight with a soft edged shadow,the tomato occupying about 30 percent of the frame width with substantial visible background,a near overhead view with the entire fruit visible,a round pink-red tomato with a faint pale shoulder,"damp skin with a thin realistic water sheen, not a glossy plastic rendering",sharp focus on the tomato skin,,,,,
syn_081,images/syn_081_busuk.png,busuk,synthetic_ai,train,synthetic:scene27,False,pending_review,1254,1254,5bd198b46d31d5ba866c5acc7e51d278cff6b37b672477c9d9d570ef0d80cf0a,SYN081_busuk.png,green plastic market crate floor,late afternoon side sunlight with a soft edged shadow,the tomato occupying about 30 percent of the frame width with substantial visible background,a near overhead view with the entire fruit visible,a round pink-red tomato with a faint pale shoulder,"damp skin with a thin realistic water sheen, not a glossy plastic rendering",sharp focus on the tomato skin,,,,,
syn_082,images/syn_082_segar.png,segar,synthetic_ai,train,synthetic:scene28,False,pending_review,1254,1254,82197bed594078dc9e36c8b1df4f71b68c65daec6d8b02d2df62050bc2eec909,SYN082_segar.png,woven bamboo shallow basket base,soft indirect morning window daylight,the tomato occupying about 65 percent of the frame width,a low side view at the height of the fruit,a round red salad tomato with a small dried stem scar,dry skin without water droplets,"mild realistic smartphone defocus; important wrinkles or rot still visibly distinguishable, not strong Gaussian smearing",,,,,
syn_083,images/syn_083_tidak_segar.png,tidak_segar,synthetic_ai,train,synthetic:scene28,False,pending_review,1254,1254,b96b2568bb3c0fc56e08a290d8fd59a671a3ec8c0d7cdff79ef96ab1772cd4b4,SYN083_tidak_segar.png,woven bamboo shallow basket base,soft indirect morning window daylight,the tomato occupying about 65 percent of the frame width,a low side view at the height of the fruit,a round red salad tomato with a small dried stem scar,dry skin without water droplets,"mild realistic smartphone defocus; important wrinkles or rot still visibly distinguishable, not strong Gaussian smearing",,,,,
syn_084,images/syn_084_busuk.png,busuk,synthetic_ai,train,synthetic:scene28,False,pending_review,1254,1254,f21b8411753762d9a45147d907342412be78361d67c441e8d044374cdf896e3b,SYN084_busuk.png,woven bamboo shallow basket base,soft indirect morning window daylight,the tomato occupying about 65 percent of the frame width,a low side view at the height of the fruit,a round red salad tomato with a small dried stem scar,dry skin without water droplets,"mild realistic smartphone defocus; important wrinkles or rot still visibly distinguishable, not strong Gaussian smearing",,,,,
syn_085,images/syn_085_segar.png,segar,synthetic_ai,train,synthetic:scene29,False,pending_review,1254,1254,eafd4d751c6b9749b34758810354c1736dd810c137ede28c94c8d8b2a830ff2b,SYN085_segar.png,dark walnut table,soft indirect morning window daylight,the tomato occupying about 65 percent of the frame width,a low side view at the height of the fruit,an oval red roma tomato without a stem,dry skin without water droplets,"mild realistic smartphone defocus; important wrinkles or rot still visibly distinguishable, not strong Gaussian smearing",,,,,
syn_086,images/syn_086_tidak_segar.png,tidak_segar,synthetic_ai,train,synthetic:scene29,False,pending_review,1254,1254,c45c766f494f94d568744e751e80da39cde5d3225372022454069a90e618d92b,SYN086_tidak_segar.png,dark walnut table,soft indirect morning window daylight,the tomato occupying about 65 percent of the frame width,a low side view at the height of the fruit,an oval red roma tomato without a stem,dry skin without water droplets,"mild realistic smartphone defocus; important wrinkles or rot still visibly distinguishable, not strong Gaussian smearing",,,,,
syn_087,images/syn_087_busuk.png,busuk,synthetic_ai,train,synthetic:scene29,False,pending_review,1254,1254,a8bc87ce40d2f2d6224b60f121d288a80dfd1c9c39df8b1d50cc4c1eac47ac1f,SYN087_busuk.png,dark walnut table,soft indirect morning window daylight,the tomato occupying about 65 percent of the frame width,a low side view at the height of the fruit,an oval red roma tomato without a stem,dry skin without water droplets,"mild realistic smartphone defocus; important wrinkles or rot still visibly distinguishable, not strong Gaussian smearing",,,,,
syn_088,images/syn_088_segar.png,segar,synthetic_ai,train,synthetic:scene30,False,pending_review,1254,1254,de58541912797dd0b44a422bb8e2f175affe62979398ee119714dcb290c6e1f4,SYN088_segar.png,terracotta saucer,soft indirect morning window daylight,the tomato occupying about 65 percent of the frame width,a slightly elevated side view showing its stem scar,a ribbed red beefsteak tomato with a short natural calyx,freshly rinsed skin with scattered clear water droplets; water is not mold and does not change the requested freshness condition,"mild realistic smartphone defocus; important wrinkles or rot still visibly distinguishable, not strong Gaussian smearing",,,,,
syn_089,images/syn_089_tidak_segar.png,tidak_segar,synthetic_ai,train,synthetic:scene30,False,pending_review,1254,1254,407900bb3f020c31c090b61b93248ae04f0cc60dd40b7b36ce3320210fc33d63,SYN089_tidak_segar.png,terracotta saucer,soft indirect morning window daylight,the tomato occupying about 65 percent of the frame width,a slightly elevated side view showing its stem scar,a ribbed red beefsteak tomato with a short natural calyx,freshly rinsed skin with scattered clear water droplets; water is not mold and does not change the requested freshness condition,"mild realistic smartphone defocus; important wrinkles or rot still visibly distinguishable, not strong Gaussian smearing",,,,,
syn_090,images/syn_090_busuk.png,busuk,synthetic_ai,train,synthetic:scene30,False,pending_review,1254,1254,eb95add7df5831c185226f58cd7e09e6cbee7c736efcb1e9ef11c98f8b4944fe,SYN090_busuk.png,terracotta saucer,soft indirect morning window daylight,the tomato occupying about 65 percent of the frame width,a slightly elevated side view showing its stem scar,a ribbed red beefsteak tomato with a short natural calyx,freshly rinsed skin with scattered clear water droplets; water is not mold and does not change the requested freshness condition,"mild realistic smartphone defocus; important wrinkles or rot still visibly distinguishable, not strong Gaussian smearing",,,,,
syn_091,images/syn_091_segar.png,segar,synthetic_ai,train,synthetic:scene31,False,pending_review,1254,1254,2fbc704a9e58196ae63626c2391eb0c079771baee54d54e82f813d7a3d7d1432,SYN091_segar.png,a scratched pale wooden kitchen board,diffuse overcast outdoor daylight,the tomato occupying about 65 percent of the frame width,a slightly elevated side view showing its stem scar,a small round orange-red cherry tomato,freshly rinsed skin with scattered clear water droplets; water is not mold and does not change the requested freshness condition,subtle handheld motion softness along one direction while tomato condition remains identifiable,,,,,
syn_092,images/syn_092_tidak_segar.png,tidak_segar,synthetic_ai,train,synthetic:scene31,False,pending_review,1254,1254,918005b3987c5dc84a7c9b22335081e301bc14765407bd7da55e24af382b0af0,SYN092_tidak_segar.png,a scratched pale wooden kitchen board,diffuse overcast outdoor daylight,the tomato occupying about 65 percent of the frame width,a slightly elevated side view showing its stem scar,a small round orange-red cherry tomato,freshly rinsed skin with scattered clear water droplets; water is not mold and does not change the requested freshness condition,subtle handheld motion softness along one direction while tomato condition remains identifiable,,,,,
syn_093,images/syn_093_busuk.png,busuk,synthetic_ai,train,synthetic:scene31,False,pending_review,1254,1254,9c12ee6fba7bbd11c8043681416ae250f42100f8fdf2be58077a0db7333cc274,SYN093_busuk.png,a scratched pale wooden kitchen board,diffuse overcast outdoor daylight,the tomato occupying about 65 percent of the frame width,a slightly elevated side view showing its stem scar,a small round orange-red cherry tomato,freshly rinsed skin with scattered clear water droplets; water is not mold and does not change the requested freshness condition,subtle handheld motion softness along one direction while tomato condition remains identifiable,,,,,
syn_094,images/syn_094_segar.png,segar,synthetic_ai,train,synthetic:scene32,False,pending_review,1254,1254,71baf1c10814fe7c0c3daa6fd9c32678894a1fccfb1e5c9f19df9eb0d3365dce,SYN094_segar.png,matte charcoal kitchen counter,diffuse overcast outdoor daylight,the tomato occupying about 45 percent of the frame width with more visible surroundings,a 45 degree oblique view showing the top and front,an elongated reddish-orange plum tomato,"damp skin with a thin realistic water sheen, not a glossy plastic rendering",subtle handheld motion softness along one direction while tomato condition remains identifiable,,,,,
syn_095,images/syn_095_tidak_segar.png,tidak_segar,synthetic_ai,train,synthetic:scene32,False,pending_review,1254,1254,b2a187317f34232264c6a646e0443100168e5ea5beb256500ed395f50480264e,SYN095_tidak_segar.png,matte charcoal kitchen counter,diffuse overcast outdoor daylight,the tomato occupying about 45 percent of the frame width with more visible surroundings,a 45 degree oblique view showing the top and front,an elongated reddish-orange plum tomato,"damp skin with a thin realistic water sheen, not a glossy plastic rendering",subtle handheld motion softness along one direction while tomato condition remains identifiable,,,,,
syn_096,images/syn_096_busuk.png,busuk,synthetic_ai,train,synthetic:scene32,False,pending_review,1254,1254,d9a94638ef36c86f7003ee41208ba83b108779edfe2c66b22712bc1ed58cf0b2,SYN096_busuk.png,matte charcoal kitchen counter,diffuse overcast outdoor daylight,the tomato occupying about 45 percent of the frame width with more visible surroundings,a 45 degree oblique view showing the top and front,an elongated reddish-orange plum tomato,"damp skin with a thin realistic water sheen, not a glossy plastic rendering",subtle handheld motion softness along one direction while tomato condition remains identifiable,,,,,
syn_097,images/syn_097_segar.png,segar,synthetic_ai,train,synthetic:scene33,False,pending_review,1254,1254,57ebf390946569635f9f4e55af37f9ca23e332dcd4edbf0134b28d2d48554cab,SYN097_segar.png,cream ceramic plate on a table,diffuse overcast outdoor daylight,the tomato occupying about 45 percent of the frame width with more visible surroundings,a 45 degree oblique view showing the top and front,a round pink-red tomato with a faint pale shoulder,"damp skin with a thin realistic water sheen, not a glossy plastic rendering",subtle handheld motion softness along one direction while tomato condition remains identifiable,,,,,
syn_098,images/syn_098_tidak_segar.png,tidak_segar,synthetic_ai,train,synthetic:scene33,False,pending_review,1254,1254,e1a9d9580bbb38461489c97def8d75498f35dae770f9800015a846b9f0ff1a6b,SYN098_tidak_segar.png,cream ceramic plate on a table,diffuse overcast outdoor daylight,the tomato occupying about 45 percent of the frame width with more visible surroundings,a 45 degree oblique view showing the top and front,a round pink-red tomato with a faint pale shoulder,"damp skin with a thin realistic water sheen, not a glossy plastic rendering",subtle handheld motion softness along one direction while tomato condition remains identifiable,,,,,
syn_099,images/syn_099_busuk.png,busuk,synthetic_ai,train,synthetic:scene33,False,pending_review,1254,1254,90d4c7ff9f495410e45ee06e9e9ae1a98a1d4e099032c88a41cedb6f8d85e0c0,SYN099_busuk.png,cream ceramic plate on a table,diffuse overcast outdoor daylight,the tomato occupying about 45 percent of the frame width with more visible surroundings,a 45 degree oblique view showing the top and front,a round pink-red tomato with a faint pale shoulder,"damp skin with a thin realistic water sheen, not a glossy plastic rendering",subtle handheld motion softness along one direction while tomato condition remains identifiable,,,,,
syn_100,images/syn_100_segar.png,segar,synthetic_ai,train,synthetic:scene34,False,pending_review,1254,1254,668230d09331c24349666d11fa36ce0aba8e487f606463ed8f1e31f009932c2f,SYN100_segar.png,red brick patio ledge,"warm indoor ceiling light, realistic white balance",the tomato occupying about 45 percent of the frame width with more visible surroundings,a near overhead view with the entire fruit visible,a round red salad tomato with a small dried stem scar,dry skin without water droplets,sharp focus on the tomato skin,,,,,
syn_101,images/syn_101_tidak_segar.png,tidak_segar,synthetic_ai,train,synthetic:scene34,False,pending_review,1254,1254,3022e57f83ae89836bf341db17f9350503278a2b44acfa954e5260b87102150b,SYN101_tidak_segar.png,red brick patio ledge,"warm indoor ceiling light, realistic white balance",the tomato occupying about 45 percent of the frame width with more visible surroundings,a near overhead view with the entire fruit visible,a round red salad tomato with a small dried stem scar,dry skin without water droplets,sharp focus on the tomato skin,,,,,
syn_102,images/syn_102_busuk.png,busuk,synthetic_ai,train,synthetic:scene34,False,pending_review,1254,1254,3baa8787cd24478c860b4db376d87ecd55a7b554ee4c99122ff0e1f93df029fb,SYN102_busuk.png,red brick patio ledge,"warm indoor ceiling light, realistic white balance",the tomato occupying about 45 percent of the frame width with more visible surroundings,a near overhead view with the entire fruit visible,a round red salad tomato with a small dried stem scar,dry skin without water droplets,sharp focus on the tomato skin,,,,,
syn_103,images/syn_103_segar.png,segar,synthetic_ai,train,synthetic:scene35,False,pending_review,1254,1254,6d0ea827ef124de0aa3b6235da2c2c40e8008834dc2528407e01ee835c3a98ef,SYN103_segar.png,blue plastic kitchen tray,"warm indoor ceiling light, realistic white balance",the tomato occupying about 45 percent of the frame width with more visible surroundings,a near overhead view with the entire fruit visible,an oval red roma tomato without a stem,dry skin without water droplets,sharp focus on the tomato skin,,,,,
syn_104,images/syn_104_tidak_segar.png,tidak_segar,synthetic_ai,train,synthetic:scene35,False,pending_review,1254,1254,4ca706ba46f59f7b3e6bfc3a692ec4b80873228929a6d1166370851bd0ff6992,SYN104_tidak_segar.png,blue plastic kitchen tray,"warm indoor ceiling light, realistic white balance",the tomato occupying about 45 percent of the frame width with more visible surroundings,a near overhead view with the entire fruit visible,an oval red roma tomato without a stem,dry skin without water droplets,sharp focus on the tomato skin,,,,,
syn_105,images/syn_105_busuk.png,busuk,synthetic_ai,train,synthetic:scene35,False,pending_review,1254,1254,ade297ca8c79402e067500d8c42fca87fb854235c34e8eb65791d8f416bb258c,SYN105_busuk.png,blue plastic kitchen tray,"warm indoor ceiling light, realistic white balance",the tomato occupying about 45 percent of the frame width with more visible surroundings,a near overhead view with the entire fruit visible,an oval red roma tomato without a stem,dry skin without water droplets,sharp focus on the tomato skin,,,,,
syn_106,images/syn_106_segar.png,segar,synthetic_ai,train,synthetic:scene36,False,pending_review,1254,1254,d719e0628d83c8e2b247b6614c57cdf77b762d2781e979dc87af7c481a3762df,SYN106_segar.png,brushed stainless steel sink drainer,"warm indoor ceiling light, realistic white balance",the tomato occupying about 30 percent of the frame width with substantial visible background,a low side view at the height of the fruit,a ribbed red beefsteak tomato with a short natural calyx,freshly rinsed skin with scattered clear water droplets; water is not mold and does not change the requested freshness condition,sharp focus on the tomato skin,,,,,
syn_107,images/syn_107_tidak_segar.png,tidak_segar,synthetic_ai,train,synthetic:scene36,False,pending_review,1254,1254,cbd777e9310f3deebb3cd5bf9cb5670443d8804b64519b20eacc5f6dfaf6c61b,SYN107_tidak_segar.png,brushed stainless steel sink drainer,"warm indoor ceiling light, realistic white balance",the tomato occupying about 30 percent of the frame width with substantial visible background,a low side view at the height of the fruit,a ribbed red beefsteak tomato with a short natural calyx,freshly rinsed skin with scattered clear water droplets; water is not mold and does not change the requested freshness condition,sharp focus on the tomato skin,,,,,
syn_108,images/syn_108_busuk.png,busuk,synthetic_ai,train,synthetic:scene36,False,pending_review,1254,1254,6efeaf0acaa29e03dba0ced1d2f2283eda772e3c542cbe2f0b59d956130dc739,SYN108_busuk.png,brushed stainless steel sink drainer,"warm indoor ceiling light, realistic white balance",the tomato occupying about 30 percent of the frame width with substantial visible background,a low side view at the height of the fruit,a ribbed red beefsteak tomato with a short natural calyx,freshly rinsed skin with scattered clear water droplets; water is not mold and does not change the requested freshness condition,sharp focus on the tomato skin,,,,,
syn_109,images/syn_109_segar.png,segar,synthetic_ai,train,synthetic:scene37,False,pending_review,1254,1254,f77814eae2c998af3bd30fbd489c489a942588479acf50fc9cbce1c98230b2e8,SYN109_segar.png,unbleached cotton kitchen cloth,late afternoon side sunlight with a soft edged shadow,the tomato occupying about 30 percent of the frame width with substantial visible background,a low side view at the height of the fruit,a small round orange-red cherry tomato,freshly rinsed skin with scattered clear water droplets; water is not mold and does not change the requested freshness condition,"mild realistic smartphone defocus; important wrinkles or rot still visibly distinguishable, not strong Gaussian smearing",,,,,
syn_110,images/syn_110_tidak_segar.png,tidak_segar,synthetic_ai,train,synthetic:scene37,False,pending_review,1254,1254,6db92a729685bf0b279852600da61ce19fd6012520cd0c2c0c4a7574f313645c,SYN110_tidak_segar.png,unbleached cotton kitchen cloth,late afternoon side sunlight with a soft edged shadow,the tomato occupying about 30 percent of the frame width with substantial visible background,a low side view at the height of the fruit,a small round orange-red cherry tomato,freshly rinsed skin with scattered clear water droplets; water is not mold and does not change the requested freshness condition,"mild realistic smartphone defocus; important wrinkles or rot still visibly distinguishable, not strong Gaussian smearing",,,,,
syn_111,images/syn_111_busuk.png,busuk,synthetic_ai,train,synthetic:scene37,False,pending_review,1254,1254,c6c3fb8b295c7cd07d9e0604910941a79e151da989521ab08de26c75fb52b796,SYN111_busuk.png,unbleached cotton kitchen cloth,late afternoon side sunlight with a soft edged shadow,the tomato occupying about 30 percent of the frame width with substantial visible background,a low side view at the height of the fruit,a small round orange-red cherry tomato,freshly rinsed skin with scattered clear water droplets; water is not mold and does not change the requested freshness condition,"mild realistic smartphone defocus; important wrinkles or rot still visibly distinguishable, not strong Gaussian smearing",,,,,
syn_112,images/syn_112_segar.png,segar,synthetic_ai,train,synthetic:scene38,False,pending_review,1254,1254,30ba96e34734ace491cce05ddc3d62d7de89392dea3e0d3b4dc19b552ffc52dc,SYN112_segar.png,gray concrete windowsill,late afternoon side sunlight with a soft edged shadow,the tomato occupying about 30 percent of the frame width with substantial visible background,a slightly elevated side view showing its stem scar,an elongated reddish-orange plum tomato,"damp skin with a thin realistic water sheen, not a glossy plastic rendering","mild realistic smartphone defocus; important wrinkles or rot still visibly distinguishable, not strong Gaussian smearing",,,,,
syn_113,images/syn_113_tidak_segar.png,tidak_segar,synthetic_ai,train,synthetic:scene38,False,pending_review,1254,1254,95a740406d272713322265820d79536a298aa7ee371fe8f0f8117be94a338b9c,SYN113_tidak_segar.png,gray concrete windowsill,late afternoon side sunlight with a soft edged shadow,the tomato occupying about 30 percent of the frame width with substantial visible background,a slightly elevated side view showing its stem scar,an elongated reddish-orange plum tomato,"damp skin with a thin realistic water sheen, not a glossy plastic rendering","mild realistic smartphone defocus; important wrinkles or rot still visibly distinguishable, not strong Gaussian smearing",,,,,
syn_114,images/syn_114_busuk.png,busuk,synthetic_ai,train,synthetic:scene38,False,pending_review,1254,1254,e141613980297895ece6dfde0f70511eb2ba824057c20ab2229888d89b1f25e3,SYN114_busuk.png,gray concrete windowsill,late afternoon side sunlight with a soft edged shadow,the tomato occupying about 30 percent of the frame width with substantial visible background,a slightly elevated side view showing its stem scar,an elongated reddish-orange plum tomato,"damp skin with a thin realistic water sheen, not a glossy plastic rendering","mild realistic smartphone defocus; important wrinkles or rot still visibly distinguishable, not strong Gaussian smearing",,,,,
syn_115,images/syn_115_segar.png,segar,synthetic_ai,train,synthetic:scene39,False,pending_review,1254,1254,769876a3711de3809460a2467964aaf3119bcde63d4bc5979a3b62aa6e35fe14,SYN115_segar.png,brown corrugated cardboard surface,late afternoon side sunlight with a soft edged shadow,the tomato occupying about 30 percent of the frame width with substantial visible background,a slightly elevated side view showing its stem scar,a round pink-red tomato with a faint pale shoulder,"damp skin with a thin realistic water sheen, not a glossy plastic rendering","mild realistic smartphone defocus; important wrinkles or rot still visibly distinguishable, not strong Gaussian smearing",,,,,
syn_116,images/syn_116_tidak_segar.png,tidak_segar,synthetic_ai,train,synthetic:scene39,False,pending_review,1254,1254,313803c34ed779d10303183c79668b3ad47daf4e6b9da3f0f86fdacf4a415f13,SYN116_tidak_segar.png,brown corrugated cardboard surface,late afternoon side sunlight with a soft edged shadow,the tomato occupying about 30 percent of the frame width with substantial visible background,a slightly elevated side view showing its stem scar,a round pink-red tomato with a faint pale shoulder,"damp skin with a thin realistic water sheen, not a glossy plastic rendering","mild realistic smartphone defocus; important wrinkles or rot still visibly distinguishable, not strong Gaussian smearing",,,,,
syn_117,images/syn_117_busuk.png,busuk,synthetic_ai,train,synthetic:scene39,False,pending_review,1254,1254,0e0acc71a852f3732e15a6d8b2a53fe66a0bbded1a8ee54d7f3e584be965beed,SYN117_busuk.png,brown corrugated cardboard surface,late afternoon side sunlight with a soft edged shadow,the tomato occupying about 30 percent of the frame width with substantial visible background,a slightly elevated side view showing its stem scar,a round pink-red tomato with a faint pale shoulder,"damp skin with a thin realistic water sheen, not a glossy plastic rendering","mild realistic smartphone defocus; important wrinkles or rot still visibly distinguishable, not strong Gaussian smearing",,,,,
syn_118,images/syn_118_segar.png,segar,synthetic_ai,train,synthetic:scene40,False,pending_review,1254,1254,190799ed0d8e05e0872661a69373c743239d1ae2045ee5a88840f96f4ec65136,SYN118_segar.png,speckled beige stone counter,soft indirect morning window daylight,the tomato occupying about 65 percent of the frame width,a 45 degree oblique view showing the top and front,a round red salad tomato with a small dried stem scar,dry skin without water droplets,subtle handheld motion softness along one direction while tomato condition remains identifiable,,,,,
syn_119,images/syn_119_tidak_segar.png,tidak_segar,synthetic_ai,train,synthetic:scene40,False,pending_review,1254,1254,6404fd69f59e4881dcf00da5fe3bf46b167ea8ca8789eba1ec1ba983f24c4ab4,SYN119_tidak_segar.png,speckled beige stone counter,soft indirect morning window daylight,the tomato occupying about 65 percent of the frame width,a 45 degree oblique view showing the top and front,a round red salad tomato with a small dried stem scar,dry skin without water droplets,subtle handheld motion softness along one direction while tomato condition remains identifiable,,,,,
syn_120,images/syn_120_busuk.png,busuk,synthetic_ai,train,synthetic:scene40,False,pending_review,1254,1254,7d32b14df9db38501c3f3688ddfc13008cc2c9f8938c7b4f98c88eb3a0f86a28,SYN120_busuk.png,speckled beige stone counter,soft indirect morning window daylight,the tomato occupying about 65 percent of the frame width,a 45 degree oblique view showing the top and front,a round red salad tomato with a small dried stem scar,dry skin without water droplets,subtle handheld motion softness along one direction while tomato condition remains identifiable,,,,,
syn_121,images/syn_121_segar.png,segar,synthetic_ai,train,synthetic:scene41,False,pending_review,1254,1254,ce95104dcc391eb5ab664c1374906fe014d1aab2c40a4c92fed5a35679b609a0,SYN121_segar.png,white ceramic kitchen tiles,soft indirect morning window daylight,the tomato occupying about 65 percent of the frame width,a 45 degree oblique view showing the top and front,an oval red roma tomato without a stem,dry skin without water droplets,subtle handheld motion softness along one direction while tomato condition remains identifiable,,,,,
syn_122,images/syn_122_tidak_segar.png,tidak_segar,synthetic_ai,train,synthetic:scene41,False,pending_review,1254,1254,529e4cf0abe3b74c89689eabfe17dafd980c0f06f73ea290c292cb178badd175,SYN122_tidak_segar.png,white ceramic kitchen tiles,soft indirect morning window daylight,the tomato occupying about 65 percent of the frame width,a 45 degree oblique view showing the top and front,an oval red roma tomato without a stem,dry skin without water droplets,subtle handheld motion softness along one direction while tomato condition remains identifiable,,,,,
syn_123,images/syn_123_busuk.png,busuk,synthetic_ai,train,synthetic:scene41,False,pending_review,1254,1254,5de7603c71db57a367be7654b19d706f45ccb55866e8be928fd82baaeb14aa40,SYN123_busuk.png,white ceramic kitchen tiles,soft indirect morning window daylight,the tomato occupying about 65 percent of the frame width,a 45 degree oblique view showing the top and front,an oval red roma tomato without a stem,dry skin without water droplets,subtle handheld motion softness along one direction while tomato condition remains identifiable,,,,,
syn_124,images/syn_124_segar.png,segar,synthetic_ai,train,synthetic:scene42,False,pending_review,1254,1254,6f9d4d2a2f1db00eceaa1cec103f256b4161c4eb596c2b80b0e57f118c2204a3,SYN124_segar.png,green plastic market crate floor,soft indirect morning window daylight,the tomato occupying about 65 percent of the frame width,a near overhead view with the entire fruit visible,a ribbed red beefsteak tomato with a short natural calyx,freshly rinsed skin with scattered clear water droplets; water is not mold and does not change the requested freshness condition,subtle handheld motion softness along one direction while tomato condition remains identifiable,,,,,
syn_125,images/syn_125_tidak_segar.png,tidak_segar,synthetic_ai,train,synthetic:scene42,False,pending_review,1254,1254,f878e415955293c96fca2a92ca39b114306a749ba6e29081c7b92db4700cdfdd,SYN125_tidak_segar.png,green plastic market crate floor,soft indirect morning window daylight,the tomato occupying about 65 percent of the frame width,a near overhead view with the entire fruit visible,a ribbed red beefsteak tomato with a short natural calyx,freshly rinsed skin with scattered clear water droplets; water is not mold and does not change the requested freshness condition,subtle handheld motion softness along one direction while tomato condition remains identifiable,,,,,
syn_126,images/syn_126_busuk.png,busuk,synthetic_ai,train,synthetic:scene42,False,pending_review,1254,1254,eae87d0eef3424ace30be7233405c87e931d7fe62708c112f76fe6f04f39ca08,SYN126_busuk.png,green plastic market crate floor,soft indirect morning window daylight,the tomato occupying about 65 percent of the frame width,a near overhead view with the entire fruit visible,a ribbed red beefsteak tomato with a short natural calyx,freshly rinsed skin with scattered clear water droplets; water is not mold and does not change the requested freshness condition,subtle handheld motion softness along one direction while tomato condition remains identifiable,,,,,
syn_127,images/syn_127_segar.png,segar,synthetic_ai,train,synthetic:scene43,False,pending_review,1254,1254,aa63b21487739cfcd2ebcc8cd2ec98680e2b3dd2f0899b44197aaba3057b38c1,SYN127_segar.png,woven bamboo shallow basket base,diffuse overcast outdoor daylight,the tomato occupying about 65 percent of the frame width,a near overhead view with the entire fruit visible,a small round orange-red cherry tomato,freshly rinsed skin with scattered clear water droplets; water is not mold and does not change the requested freshness condition,sharp focus on the tomato skin,,,,,
syn_128,images/syn_128_tidak_segar.png,tidak_segar,synthetic_ai,train,synthetic:scene43,False,pending_review,1254,1254,ea1a891f2f8f468f7a463a78a0b85f0948d07e4809c9a7667cef1992d32f09d7,SYN128_tidak_segar.png,woven bamboo shallow basket base,diffuse overcast outdoor daylight,the tomato occupying about 65 percent of the frame width,a near overhead view with the entire fruit visible,a small round orange-red cherry tomato,freshly rinsed skin with scattered clear water droplets; water is not mold and does not change the requested freshness condition,sharp focus on the tomato skin,,,,,
syn_129,images/syn_129_busuk.png,busuk,synthetic_ai,train,synthetic:scene43,False,pending_review,1254,1254,6d1f289f38f4d8caab1ca5d6309394a5ad75a826553ed78f724853b5d279f2b6,SYN129_busuk.png,woven bamboo shallow basket base,diffuse overcast outdoor daylight,the tomato occupying about 65 percent of the frame width,a near overhead view with the entire fruit visible,a small round orange-red cherry tomato,freshly rinsed skin with scattered clear water droplets; water is not mold and does not change the requested freshness condition,sharp focus on the tomato skin,,,,,
syn_130,images/syn_130_segar.png,segar,synthetic_ai,train,synthetic:scene44,False,pending_review,1254,1254,24db4432ffab640b752c9aecc6c8ced89a38b54936b7d46f5d196f181839fee7,SYN130_segar.png,dark walnut table,diffuse overcast outdoor daylight,the tomato occupying about 45 percent of the frame width with more visible surroundings,a low side view at the height of the fruit,an elongated reddish-orange plum tomato,"damp skin with a thin realistic water sheen, not a glossy plastic rendering",sharp focus on the tomato skin,,,,,
syn_131,images/syn_131_tidak_segar.png,tidak_segar,synthetic_ai,train,synthetic:scene44,False,pending_review,1254,1254,cc045e55d8f99714536113a06fde26a19c605ef73821ba85632f58984919aeab,SYN131_tidak_segar.png,dark walnut table,diffuse overcast outdoor daylight,the tomato occupying about 45 percent of the frame width with more visible surroundings,a low side view at the height of the fruit,an elongated reddish-orange plum tomato,"damp skin with a thin realistic water sheen, not a glossy plastic rendering",sharp focus on the tomato skin,,,,,
syn_132,images/syn_132_busuk.png,busuk,synthetic_ai,train,synthetic:scene44,False,pending_review,1254,1254,e5f58f96a8aa22e2c7c26cb85c71418997ecd357b79308db50fdc1e77dcb5a4a,SYN132_busuk.png,dark walnut table,diffuse overcast outdoor daylight,the tomato occupying about 45 percent of the frame width with more visible surroundings,a low side view at the height of the fruit,an elongated reddish-orange plum tomato,"damp skin with a thin realistic water sheen, not a glossy plastic rendering",sharp focus on the tomato skin,,,,,
syn_133,images/syn_133_segar.png,segar,synthetic_ai,train,synthetic:scene45,False,pending_review,1254,1254,77156dc9ae32f82728679c7e8cd0e333f0168fcd5cf57357977231abcd0dd743,SYN133_segar.png,terracotta saucer,diffuse overcast outdoor daylight,the tomato occupying about 45 percent of the frame width with more visible surroundings,a low side view at the height of the fruit,a round pink-red tomato with a faint pale shoulder,"damp skin with a thin realistic water sheen, not a glossy plastic rendering",sharp focus on the tomato skin,,,,,
syn_134,images/syn_134_tidak_segar.png,tidak_segar,synthetic_ai,train,synthetic:scene45,False,pending_review,1254,1254,2bbdfa244532e261ff0036beae62a9fdb14139d1ced370591e51a951ea359b3e,SYN134_tidak_segar.png,terracotta saucer,diffuse overcast outdoor daylight,the tomato occupying about 45 percent of the frame width with more visible surroundings,a low side view at the height of the fruit,a round pink-red tomato with a faint pale shoulder,"damp skin with a thin realistic water sheen, not a glossy plastic rendering",sharp focus on the tomato skin,,,,,
syn_135,images/syn_135_busuk.png,busuk,synthetic_ai,train,synthetic:scene45,False,pending_review,1254,1254,e6dcd0224a950d859130800467bea49c8c5b8dedfa81ff496867a44af824c494,SYN135_busuk.png,terracotta saucer,diffuse overcast outdoor daylight,the tomato occupying about 45 percent of the frame width with more visible surroundings,a low side view at the height of the fruit,a round pink-red tomato with a faint pale shoulder,"damp skin with a thin realistic water sheen, not a glossy plastic rendering",sharp focus on the tomato skin,,,,,
syn_136,images/syn_136_segar.png,segar,synthetic_ai,train,synthetic:scene46,False,pending_review,1254,1254,b3d84f90b527510e4f79dfa7e99bd03a86d8dd66c2d0c51d64858a0840fa4bc6,SYN136_segar.png,a scratched pale wooden kitchen board,"warm indoor ceiling light, realistic white balance",the tomato occupying about 45 percent of the frame width with more visible surroundings,a slightly elevated side view showing its stem scar,a round red salad tomato with a small dried stem scar,dry skin without water droplets,"mild realistic smartphone defocus; important wrinkles or rot still visibly distinguishable, not strong Gaussian smearing",,,,,
syn_137,images/syn_137_tidak_segar.png,tidak_segar,synthetic_ai,train,synthetic:scene46,False,pending_review,1254,1254,e18b5cf0bac7dfbb72847341b62ce333cfc4d78762917a654a09a13e24996633,SYN137_tidak_segar.png,a scratched pale wooden kitchen board,"warm indoor ceiling light, realistic white balance",the tomato occupying about 45 percent of the frame width with more visible surroundings,a slightly elevated side view showing its stem scar,a round red salad tomato with a small dried stem scar,dry skin without water droplets,"mild realistic smartphone defocus; important wrinkles or rot still visibly distinguishable, not strong Gaussian smearing",,,,,
syn_138,images/syn_138_busuk.png,busuk,synthetic_ai,train,synthetic:scene46,False,pending_review,1254,1254,510521e85a4570a9fd4e7d2c475de1684174ad7d0808b83e4509276e998e2b1d,SYN138_busuk.png,a scratched pale wooden kitchen board,"warm indoor ceiling light, realistic white balance",the tomato occupying about 45 percent of the frame width with more visible surroundings,a slightly elevated side view showing its stem scar,a round red salad tomato with a small dried stem scar,dry skin without water droplets,"mild realistic smartphone defocus; important wrinkles or rot still visibly distinguishable, not strong Gaussian smearing",,,,,
syn_139,images/syn_139_segar.png,segar,synthetic_ai,train,synthetic:scene47,False,pending_review,1254,1254,f7b4d67b81e590850d72d33154256150e1772643e0a29ed525ce32b2b988090d,SYN139_segar.png,matte charcoal kitchen counter,"warm indoor ceiling light, realistic white balance",the tomato occupying about 45 percent of the frame width with more visible surroundings,a slightly elevated side view showing its stem scar,an oval red roma tomato without a stem,dry skin without water droplets,"mild realistic smartphone defocus; important wrinkles or rot still visibly distinguishable, not strong Gaussian smearing",,,,,
syn_140,images/syn_140_tidak_segar.png,tidak_segar,synthetic_ai,train,synthetic:scene47,False,pending_review,1254,1254,75537967e449aab567ce8e9f4e42d73152440af951483ee8d64bbbf89a2601df,SYN140_tidak_segar.png,matte charcoal kitchen counter,"warm indoor ceiling light, realistic white balance",the tomato occupying about 45 percent of the frame width with more visible surroundings,a slightly elevated side view showing its stem scar,an oval red roma tomato without a stem,dry skin without water droplets,"mild realistic smartphone defocus; important wrinkles or rot still visibly distinguishable, not strong Gaussian smearing",,,,,
syn_141,images/syn_141_busuk.png,busuk,synthetic_ai,train,synthetic:scene47,False,pending_review,1254,1254,bab74431a5087213afe57a2677b114a0c7076528786984da04a764e14e4a3a1a,SYN141_busuk.png,matte charcoal kitchen counter,"warm indoor ceiling light, realistic white balance",the tomato occupying about 45 percent of the frame width with more visible surroundings,a slightly elevated side view showing its stem scar,an oval red roma tomato without a stem,dry skin without water droplets,"mild realistic smartphone defocus; important wrinkles or rot still visibly distinguishable, not strong Gaussian smearing",,,,,
syn_142,images/syn_142_segar.png,segar,synthetic_ai,train,synthetic:scene48,False,pending_review,1254,1254,c4685d8c641adaec1697f28573b3f1e8c569ffe6605dffa0c8487ad8771988c2,SYN142_segar.png,cream ceramic plate on a table,"warm indoor ceiling light, realistic white balance",the tomato occupying about 30 percent of the frame width with substantial visible background,a 45 degree oblique view showing the top and front,a ribbed red beefsteak tomato with a short natural calyx,freshly rinsed skin with scattered clear water droplets; water is not mold and does not change the requested freshness condition,"mild realistic smartphone defocus; important wrinkles or rot still visibly distinguishable, not strong Gaussian smearing",,,,,
syn_143,images/syn_143_tidak_segar.png,tidak_segar,synthetic_ai,train,synthetic:scene48,False,pending_review,1254,1254,f24e92045468f32b2dbd1c7c7d717cfbb46c75d9abfa19e7b1034ab84acef69f,SYN143_tidak_segar.png,cream ceramic plate on a table,"warm indoor ceiling light, realistic white balance",the tomato occupying about 30 percent of the frame width with substantial visible background,a 45 degree oblique view showing the top and front,a ribbed red beefsteak tomato with a short natural calyx,freshly rinsed skin with scattered clear water droplets; water is not mold and does not change the requested freshness condition,"mild realistic smartphone defocus; important wrinkles or rot still visibly distinguishable, not strong Gaussian smearing",,,,,
syn_144,images/syn_144_busuk.png,busuk,synthetic_ai,train,synthetic:scene48,False,pending_review,1254,1254,438be387fe81570b908719f1c0423fbda11b6ba8fe23dd931e982a9cfb9603f3,SYN144_busuk.png,cream ceramic plate on a table,"warm indoor ceiling light, realistic white balance",the tomato occupying about 30 percent of the frame width with substantial visible background,a 45 degree oblique view showing the top and front,a ribbed red beefsteak tomato with a short natural calyx,freshly rinsed skin with scattered clear water droplets; water is not mold and does not change the requested freshness condition,"mild realistic smartphone defocus; important wrinkles or rot still visibly distinguishable, not strong Gaussian smearing",,,,,
syn_145,images/syn_145_segar.png,segar,synthetic_ai,train,synthetic:scene49,False,pending_review,1254,1254,25463d0a49440b0e7ca3bd0ad7e679f277eaf5dd42c21caabf7440c9c64305c0,SYN145_segar.png,red brick patio ledge,late afternoon side sunlight with a soft edged shadow,the tomato occupying about 30 percent of the frame width with substantial visible background,a 45 degree oblique view showing the top and front,a small round orange-red cherry tomato,freshly rinsed skin with scattered clear water droplets; water is not mold and does not change the requested freshness condition,subtle handheld motion softness along one direction while tomato condition remains identifiable,,,,,
syn_146,images/syn_146_tidak_segar.png,tidak_segar,synthetic_ai,train,synthetic:scene49,False,pending_review,1254,1254,2c7ce01e58235d523adec1cc023d5d56d1a2723eb6130d20721f157ae9bca63b,SYN146_tidak_segar.png,red brick patio ledge,late afternoon side sunlight with a soft edged shadow,the tomato occupying about 30 percent of the frame width with substantial visible background,a 45 degree oblique view showing the top and front,a small round orange-red cherry tomato,freshly rinsed skin with scattered clear water droplets; water is not mold and does not change the requested freshness condition,subtle handheld motion softness along one direction while tomato condition remains identifiable,,,,,
syn_147,images/syn_147_busuk.png,busuk,synthetic_ai,train,synthetic:scene49,False,pending_review,1254,1254,e7270a72ecfdf3c39b6fc1e066f00fa0f4a901cca3d1c43dec0e226f8a3e66f1,SYN147_busuk.png,red brick patio ledge,late afternoon side sunlight with a soft edged shadow,the tomato occupying about 30 percent of the frame width with substantial visible background,a 45 degree oblique view showing the top and front,a small round orange-red cherry tomato,freshly rinsed skin with scattered clear water droplets; water is not mold and does not change the requested freshness condition,subtle handheld motion softness along one direction while tomato condition remains identifiable,,,,,
ref_001,images/ref_001_segar.jpeg,segar,own,train,own:r_reference_meja_kayu,True,approved,1200,1600,e9d98676f93528b50b9152090b60bc171127f164c92843d825661dd2544178e7,tomat_ref_01.jpeg,,,,,,,,segar,busuk,0.6448,True,small subject; cluttered background; 2026-10-09: label segar diberikan pemilik untuk semua foto primer; masuk training
ref_002,images/ref_002_segar.jpeg,segar,own,train,own:r_reference_meja_kayu,True,approved,1200,1600,3668bd36ffffef0cf59137e47abfb4959f20108bd26edda79740831fdbbb94e5,tomat_ref_02.jpeg,,,,,,,,segar,busuk,0.5988,True,small subject; cluttered background; 2026-10-09: label segar diberikan pemilik untuk semua foto primer; masuk training
ref_003,images/ref_003_segar.jpeg,segar,own,train,own:r_reference_meja_kayu,True,approved,1200,1600,a21c94671193ed440b85e0a026683c67ba502167c84f2c2a0128700cb78db064,tomat_ref_03.jpeg,,,,,,,,segar,busuk,0.6012,True,small subject; cluttered background; hand in frame; 2026-10-09: label segar diberikan pemilik untuk semua foto primer; masuk training
ref_004,images/ref_004_segar.jpeg,segar,own,train,own:r_reference_meja_kayu,True,approved,1200,1600,dff44a57accc14d4a437ed08be55399457b52b758959844776038c4621a4d07c,tomat_ref_04.jpeg,,,,,,,,segar,tidak_segar,0.6589,True,small subject; cluttered background; 2026-10-09: label segar diberikan pemilik untuk semua foto primer; masuk training
ref_005,images/ref_005_segar.jpeg,segar,own,train,own:r_reference_meja_kayu,True,approved,1200,1600,1650b8ac9201463a9720ae4da94301d9a84d3d4632bb664964ee6e357728fc3a,tomat_ref_05.jpeg,,,,,,,,segar,tidak_segar,0.6000,True,small subject; cluttered background; 2026-10-09: label segar diberikan pemilik untuk semua foto primer; masuk training
ref_006,images/ref_006_segar.jpeg,segar,own,train,own:r_reference_meja_kayu,True,approved,1200,1600,3780ab13dc50425b1e458249812a712b3cf50b984ef421331f695066ef3642b7,tomat_ref_06.jpeg,,,,,,,,segar,busuk,0.8185,False,small subject; cluttered background; 2026-10-09: label segar diberikan pemilik untuk semua foto primer; masuk training
ref_007,images/ref_007_segar.jpeg,segar,own,train,own:r_reference_meja_kayu,True,approved,1200,1600,587bb7fc2bb52c15fd54019a8e4b01310b66cf56c8335c7ff5287f22a1f2f8d3,tomat_ref_07.jpeg,,,,,,,,segar,busuk,0.8181,False,small subject; cluttered background; 2026-10-09: label segar diberikan pemilik untuk semua foto primer; masuk training
ref_008,images/ref_008_segar.jpeg,segar,own,train,own:r_reference_meja_kayu,True,approved,1200,1600,03e2e6c2e416d8b174943492cab22492dd21f70d12bb609f158ff59068afe07c,tomat_ref_08.jpeg,,,,,,,,segar,tidak_segar,0.6141,True,small subject; cluttered background; 2026-10-09: label segar diberikan pemilik untuk semua foto primer; masuk training
ref_009,images/ref_009_segar.jpeg,segar,own,train,own:r_reference_meja_kayu,True,approved,1200,1600,e7803bb9c02dc4ed8e337e6559feda182c86edd96aab87a69a91241685646bf5,tomat_ref_09.jpeg,,,,,,,,segar,busuk,0.9233,False,small subject; cluttered background; 2026-10-09: label segar diberikan pemilik untuk semua foto primer; masuk training
ref_010,images/ref_010_segar.jpeg,segar,own,train,own:r_reference_meja_kayu,True,approved,1200,1600,39639e2360fc9a24eb87f6a07daf924ce4e00d2c2f5a15eaa57c30d16361dbdf,tomat_ref_10.jpeg,,,,,,,,segar,busuk,0.9253,False,small subject; cluttered background; 2026-10-09: label segar diberikan pemilik untuk semua foto primer; masuk training
ref_011,images/ref_011_segar.jpeg,segar,own,train,own:r_reference_meja_kayu,True,approved,1200,1600,702c028be80648693c199397ea1deb7f1e0826842d4ca6ac1e0dbaf706a452ac,tomat_ref_11.jpeg,,,,,,,,segar,busuk,0.7859,False,small subject; cluttered background; 2026-10-09: label segar diberikan pemilik untuk semua foto primer; masuk training
ref_012,images/ref_012_segar.jpeg,segar,own,train,own:r_reference_meja_kayu,True,approved,1200,1600,ba0990efc8d536d637b40d501c7e4fde42f0ae0b03ef172df233802437f23c30,tomat_ref_12.jpeg,,,,,,,,segar,busuk,0.9332,False,small subject; cluttered background; 2026-10-09: label segar diberikan pemilik untuk semua foto primer; masuk training
ref_013,images/ref_013_segar.jpeg,segar,own,train,own:r_reference_meja_kayu,True,approved,1200,1600,0dd93e94b1b25a007a7813bb93e4e3a16403c227682c4240044e8ed2281a9b74,tomat_ref_13.jpeg,,,,,,,,segar,busuk,0.6959,True,small subject; cluttered background; 2026-10-09: label segar diberikan pemilik untuk semua foto primer; masuk training
ref_014,images/ref_014_segar.jpeg,segar,own,train,own:r_reference_meja_kayu,True,approved,1200,1600,01bdfa700ca76b50434d4486d8a68873e073007db07e12af43f5d24ec2e221de,tomat_ref_14.jpeg,,,,,,,,segar,busuk,0.5352,True,small subject; cluttered background; 2026-10-09: label segar diberikan pemilik untuk semua foto primer; masuk training
ref_015,images/ref_015_segar.jpeg,segar,own,train,own:r_reference_meja_kayu,True,approved,1200,1600,ffcc39fc49b0f68eea83c39aaa5b5bd246221e86941a08dbe27c7f72d9d7ec5c,tomat_ref_15.jpeg,,,,,,,,segar,busuk,0.6448,True,small subject; cluttered background; 2026-10-09: label segar diberikan pemilik untuk semua foto primer; masuk training
ref_016,images/ref_016_segar.jpeg,segar,own,train,own:r_reference_meja_kayu,True,approved,1200,1600,3ad319171434fd4083b778c69cb4d7809de66817c1700ea908226273bb2cca42,tomat_ref_16.jpeg,,,,,,,,segar,busuk,0.7094,False,small subject; cluttered background; 2026-10-09: label segar diberikan pemilik untuk semua foto primer; masuk training
ref_017,images/ref_017_segar.jpeg,segar,own,train,own:r_reference_meja_kayu,True,approved,1200,1600,676d9fe421f9f44ac49eb1f27c4de2449c639dc6ced739f60a3ac0c8226ac4ec,tomat_ref_17.jpeg,,,,,,,,segar,busuk,0.6875,True,small subject; cluttered background; 2026-10-09: label segar diberikan pemilik untuk semua foto primer; masuk training
ref_018,images/ref_018_segar.jpeg,segar,own,train,own:r_reference_meja_kayu,True,approved,1200,1600,8eaf628681c543c1701c33b3efed17907bfda5e101ac19ec6743a798ebaed57f,tomat_ref_18.jpeg,,,,,,,,segar,busuk,0.8089,False,small subject; cluttered background; 2026-10-09: label segar diberikan pemilik untuk semua foto primer; masuk training
ref_019,images/ref_019_segar.jpeg,segar,own,train,own:r_reference_meja_kayu,True,approved,1200,1600,75610c9e425b5b5a18b1603a1ed7ad153f13faed3930d99aab83d6582cbe4c4f,tomat_ref_19.jpeg,,,,,,,,segar,busuk,0.5326,True,small subject; cluttered background; 2026-10-09: label segar diberikan pemilik untuk semua foto primer; masuk training
ref_020,images/ref_020_segar.jpeg,segar,own,train,own:r_reference_meja_kayu,True,approved,1200,1600,aa02d6458884f09fcf1365e5c5beedece86bf9a589e59762c266ead1628638d0,tomat_ref_20.jpeg,,,,,,,,segar,tidak_segar,0.5519,True,small subject; cluttered background; 2026-10-09: label segar diberikan pemilik untuk semua foto primer; masuk training
ref_021,images/ref_021_segar.jpeg,segar,own,train,own:r_reference_meja_kayu,True,approved,1200,1600,5ee30d187cdfec3e4599e90d59aae687a59682a9f2cb5d9f5e02ce3d6431af13,tomat_ref_21.jpeg,,,,,,,,segar,busuk,0.6628,True,small subject; cluttered background; 2026-10-09: label segar diberikan pemilik untuk semua foto primer; masuk training
ref_022,images/ref_022_segar.jpeg,segar,own,train,own:r_reference_meja_kayu,True,approved,1200,1600,7dd9914a52d5fa2fc5bf843c9a75802ec9f25cccaf82bc291d9f6ec11f7748e3,tomat_ref_22.jpeg,,,,,,,,segar,busuk,0.5667,True,small subject; cluttered background; 2026-10-09: label segar diberikan pemilik untuk semua foto primer; masuk training
