id,filepath,sha256,group_id,label,approved,suggested_visual_label,model_prediction,model_confidence,needs_review,usage,quality_notes
REF001,data/reference_import/tomat_ref_01.jpeg,e9d98676f93528b50b9152090b60bc171127f164c92843d825661dd2544178e7,R_reference_meja_kayu,segar,True,segar,busuk,0.6447601318359375,True,training (train split); label segar diberikan pemilik 2026-10-09,small subject; cluttered background
REF002,data/reference_import/tomat_ref_02.jpeg,3668bd36ffffef0cf59137e47abfb4959f20108bd26edda79740831fdbbb94e5,R_reference_meja_kayu,segar,True,segar,busuk,0.5988272428512573,True,training (train split); label segar diberikan pemilik 2026-10-09,small subject; cluttered background
REF003,data/reference_import/tomat_ref_03.jpeg,a21c94671193ed440b85e0a026683c67ba502167c84f2c2a0128700cb78db064,R_reference_meja_kayu,segar,True,segar,busuk,0.6012066602706909,True,training (train split); label segar diberikan pemilik 2026-10-09,small subject; cluttered background; hand in frame
REF004,data/reference_import/tomat_ref_04.jpeg,dff44a57accc14d4a437ed08be55399457b52b758959844776038c4621a4d07c,R_reference_meja_kayu,segar,True,segar,tidak_segar,0.6588686108589172,True,training (train split); label segar diberikan pemilik 2026-10-09,small subject; cluttered background
REF005,data/reference_import/tomat_ref_05.jpeg,1650b8ac9201463a9720ae4da94301d9a84d3d4632bb664964ee6e357728fc3a,R_reference_meja_kayu,segar,True,segar,tidak_segar,0.5999971628189087,True,training (train split); label segar diberikan pemilik 2026-10-09,small subject; cluttered background
REF006,data/reference_import/tomat_ref_06.jpeg,3780ab13dc50425b1e458249812a712b3cf50b984ef421331f695066ef3642b7,R_reference_meja_kayu,segar,True,segar,busuk,0.8184774518013,False,training (train split); label segar diberikan pemilik 2026-10-09,small subject; cluttered background
REF007,data/reference_import/tomat_ref_07.jpeg,587bb7fc2bb52c15fd54019a8e4b01310b66cf56c8335c7ff5287f22a1f2f8d3,R_reference_meja_kayu,segar,True,segar,busuk,0.8180736303329468,False,training (train split); label segar diberikan pemilik 2026-10-09,small subject; cluttered background
REF008,data/reference_import/tomat_ref_08.jpeg,03e2e6c2e416d8b174943492cab22492dd21f70d12bb609f158ff59068afe07c,R_reference_meja_kayu,segar,True,segar,tidak_segar,0.6140767931938171,True,training (train split); label segar diberikan pemilik 2026-10-09,small subject; cluttered background
REF009,data/reference_import/tomat_ref_09.jpeg,e7803bb9c02dc4ed8e337e6559feda182c86edd96aab87a69a91241685646bf5,R_reference_meja_kayu,segar,True,segar,busuk,0.9232527613639832,False,training (train split); label segar diberikan pemilik 2026-10-09,small subject; cluttered background
REF010,data/reference_import/tomat_ref_10.jpeg,39639e2360fc9a24eb87f6a07daf924ce4e00d2c2f5a15eaa57c30d16361dbdf,R_reference_meja_kayu,segar,True,segar,busuk,0.9252614378929138,False,training (train split); label segar diberikan pemilik 2026-10-09,small subject; cluttered background
REF011,data/reference_import/tomat_ref_11.jpeg,702c028be80648693c199397ea1deb7f1e0826842d4ca6ac1e0dbaf706a452ac,R_reference_meja_kayu,segar,True,segar,busuk,0.7858709096908569,False,training (train split); label segar diberikan pemilik 2026-10-09,small subject; cluttered background
REF012,data/reference_import/tomat_ref_12.jpeg,ba0990efc8d536d637b40d501c7e4fde42f0ae0b03ef172df233802437f23c30,R_reference_meja_kayu,segar,True,segar,busuk,0.9332325458526611,False,training (train split); label segar diberikan pemilik 2026-10-09,small subject; cluttered background
REF013,data/reference_import/tomat_ref_13.jpeg,0dd93e94b1b25a007a7813bb93e4e3a16403c227682c4240044e8ed2281a9b74,R_reference_meja_kayu,segar,True,segar,busuk,0.6959189772605896,True,training (train split); label segar diberikan pemilik 2026-10-09,small subject; cluttered background
REF014,data/reference_import/tomat_ref_14.jpeg,01bdfa700ca76b50434d4486d8a68873e073007db07e12af43f5d24ec2e221de,R_reference_meja_kayu,segar,True,segar,busuk,0.5352376699447632,True,training (train split); label segar diberikan pemilik 2026-10-09,small subject; cluttered background
REF015,data/reference_import/tomat_ref_15.jpeg,ffcc39fc49b0f68eea83c39aaa5b5bd246221e86941a08dbe27c7f72d9d7ec5c,R_reference_meja_kayu,segar,True,segar,busuk,0.6448243856430054,True,training (train split); label segar diberikan pemilik 2026-10-09,small subject; cluttered background
REF016,data/reference_import/tomat_ref_16.jpeg,3ad319171434fd4083b778c69cb4d7809de66817c1700ea908226273bb2cca42,R_reference_meja_kayu,segar,True,segar,busuk,0.709415078163147,False,training (train split); label segar diberikan pemilik 2026-10-09,small subject; cluttered background
REF017,data/reference_import/tomat_ref_17.jpeg,676d9fe421f9f44ac49eb1f27c4de2449c639dc6ced739f60a3ac0c8226ac4ec,R_reference_meja_kayu,segar,True,segar,busuk,0.687479555606842,True,training (train split); label segar diberikan pemilik 2026-10-09,small subject; cluttered background
REF018,data/reference_import/tomat_ref_18.jpeg,8eaf628681c543c1701c33b3efed17907bfda5e101ac19ec6743a798ebaed57f,R_reference_meja_kayu,segar,True,segar,busuk,0.8089323043823242,False,training (train split); label segar diberikan pemilik 2026-10-09,small subject; cluttered background
REF019,data/reference_import/tomat_ref_19.jpeg,75610c9e425b5b5a18b1603a1ed7ad153f13faed3930d99aab83d6582cbe4c4f,R_reference_meja_kayu,segar,True,segar,busuk,0.5326372385025024,True,training (train split); label segar diberikan pemilik 2026-10-09,small subject; cluttered background
REF020,data/reference_import/tomat_ref_20.jpeg,aa02d6458884f09fcf1365e5c5beedece86bf9a589e59762c266ead1628638d0,R_reference_meja_kayu,segar,True,segar,tidak_segar,0.551852285861969,True,training (train split); label segar diberikan pemilik 2026-10-09,small subject; cluttered background
REF021,data/reference_import/tomat_ref_21.jpeg,5ee30d187cdfec3e4599e90d59aae687a59682a9f2cb5d9f5e02ce3d6431af13,R_reference_meja_kayu,segar,True,segar,busuk,0.6627736687660217,True,training (train split); label segar diberikan pemilik 2026-10-09,small subject; cluttered background
REF022,data/reference_import/tomat_ref_22.jpeg,7dd9914a52d5fa2fc5bf843c9a75802ec9f25cccaf82bc291d9f6ec11f7748e3,R_reference_meja_kayu,segar,True,segar,busuk,0.5667053461074829,True,training (train split); label segar diberikan pemilik 2026-10-09,small subject; cluttered background
